Season_End_Year,Wk,Date,Home,HomeGoals,AwayGoals,Away,FTR
2021,1,12/09/2020,Fulham,0,3,Arsenal,A
2021,1,12/09/2020,Crystal Palace,1,0,Southampton,H
2021,1,12/09/2020,Liverpool,4,3,Leeds United,H
2021,1,12/09/2020,West Ham,0,2,Newcastle Utd,A
2021,1,13/09/2020,West Brom,0,3,Leicester City,A
2021,1,13/09/2020,Tottenham,0,1,Everton,A
2021,1,14/09/2020,Sheffield Utd,0,2,Wolves,A
2021,1,14/09/2020,Brighton,1,3,Chelsea,A
2021,2,19/09/2020,Everton,5,2,West Brom,H
2021,2,19/09/2020,Leeds United,4,3,Fulham,H
2021,2,19/09/2020,Manchester Utd,1,3,Crystal Palace,A
2021,2,19/09/2020,Arsenal,2,1,West Ham,H
2021,2,20/09/2020,Southampton,2,5,Tottenham,A
2021,2,20/09/2020,Newcastle Utd,0,3,Brighton,A
2021,2,20/09/2020,Chelsea,0,2,Liverpool,A
2021,2,20/09/2020,Leicester City,4,2,Burnley,H
2021,2,21/09/2020,Aston Villa,1,0,Sheffield Utd,H
2021,2,21/09/2020,Wolves,1,3,Manchester City,A
2021,3,26/09/2020,Brighton,2,3,Manchester Utd,A
2021,3,26/09/2020,Crystal Palace,1,2,Everton,A
2021,3,26/09/2020,West Brom,3,3,Chelsea,D
2021,3,26/09/2020,Burnley,0,1,Southampton,A
2021,3,27/09/2020,Sheffield Utd,0,1,Leeds United,A
2021,3,27/09/2020,Tottenham,1,1,Newcastle Utd,D
2021,3,27/09/2020,Manchester City,2,5,Leicester City,A
2021,3,27/09/2020,West Ham,4,0,Wolves,H
2021,3,28/09/2020,Fulham,0,3,Aston Villa,A
2021,3,28/09/2020,Liverpool,3,1,Arsenal,H
2021,4,03/10/2020,Chelsea,4,0,Crystal Palace,H
2021,4,03/10/2020,Everton,4,2,Brighton,H
2021,4,03/10/2020,Leeds United,1,1,Manchester City,D
2021,4,03/10/2020,Newcastle Utd,3,1,Burnley,H
2021,4,04/10/2020,Leicester City,0,3,West Ham,A
2021,4,04/10/2020,Southampton,2,0,West Brom,H
2021,4,04/10/2020,Arsenal,2,1,Sheffield Utd,H
2021,4,04/10/2020,Wolves,1,0,Fulham,H
2021,4,04/10/2020,Manchester Utd,1,6,Tottenham,A
2021,4,04/10/2020,Aston Villa,7,2,Liverpool,H
2021,5,17/10/2020,Everton,2,2,Liverpool,D
2021,5,17/10/2020,Chelsea,3,3,Southampton,D
2021,5,17/10/2020,Manchester City,1,0,Arsenal,H
2021,5,17/10/2020,Newcastle Utd,1,4,Manchester Utd,A
2021,5,18/10/2020,Sheffield Utd,1,1,Fulham,D
2021,5,18/10/2020,Crystal Palace,1,1,Brighton,D
2021,5,18/10/2020,Tottenham,3,3,West Ham,D
2021,5,18/10/2020,Leicester City,0,1,Aston Villa,A
2021,5,19/10/2020,West Brom,0,0,Burnley,D
2021,5,19/10/2020,Leeds United,0,1,Wolves,A
2021,6,23/10/2020,Aston Villa,0,3,Leeds United,A
2021,6,24/10/2020,West Ham,1,1,Manchester City,D
2021,6,24/10/2020,Fulham,1,2,Crystal Palace,A
2021,6,24/10/2020,Manchester Utd,0,0,Chelsea,D
2021,6,24/10/2020,Liverpool,2,1,Sheffield Utd,H
2021,6,25/10/2020,Southampton,2,0,Everton,H
2021,6,25/10/2020,Wolves,1,1,Newcastle Utd,D
2021,6,25/10/2020,Arsenal,0,1,Leicester City,A
2021,6,26/10/2020,Brighton,1,1,West Brom,D
2021,6,26/10/2020,Burnley,0,1,Tottenham,A
2021,7,30/10/2020,Wolves,2,0,Crystal Palace,H
2021,7,31/10/2020,Sheffield Utd,0,1,Manchester City,A
2021,7,31/10/2020,Burnley,0,3,Chelsea,A
2021,7,31/10/2020,Liverpool,2,1,West Ham,H
2021,7,01/11/2020,Aston Villa,3,4,Southampton,A
2021,7,01/11/2020,Newcastle Utd,2,1,Everton,H
2021,7,01/11/2020,Manchester Utd,0,1,Arsenal,A
2021,7,01/11/2020,Tottenham,2,1,Brighton,H
2021,7,02/11/2020,Fulham,2,0,West Brom,H
2021,7,02/11/2020,Leeds United,1,4,Leicester City,A
2021,8,06/11/2020,Brighton,0,0,Burnley,D
2021,8,06/11/2020,Southampton,2,0,Newcastle Utd,H
2021,8,07/11/2020,Everton,1,3,Manchester Utd,A
2021,8,07/11/2020,Crystal Palace,4,1,Leeds United,H
2021,8,07/11/2020,Chelsea,4,1,Sheffield Utd,H
2021,8,07/11/2020,West Ham,1,0,Fulham,H
2021,8,08/11/2020,West Brom,0,1,Tottenham,A
2021,8,08/11/2020,Leicester City,1,0,Wolves,H
2021,8,08/11/2020,Manchester City,1,1,Liverpool,D
2021,8,08/11/2020,Arsenal,0,3,Aston Villa,A
2021,9,21/11/2020,Newcastle Utd,0,2,Chelsea,A
2021,9,21/11/2020,Aston Villa,1,2,Brighton,A
2021,9,21/11/2020,Tottenham,2,0,Manchester City,H
2021,9,21/11/2020,Manchester Utd,1,0,West Brom,H
2021,9,22/11/2020,Fulham,2,3,Everton,A
2021,9,22/11/2020,Sheffield Utd,0,1,West Ham,A
2021,9,22/11/2020,Leeds United,0,0,Arsenal,D
2021,9,22/11/2020,Liverpool,3,0,Leicester City,H
2021,9,23/11/2020,Burnley,1,0,Crystal Palace,H
2021,9,23/11/2020,Wolves,1,1,Southampton,D
2021,10,27/11/2020,Crystal Palace,0,2,Newcastle Utd,A
2021,10,28/11/2020,Brighton,1,1,Liverpool,D
2021,10,28/11/2020,Manchester City,5,0,Burnley,H
2021,10,28/11/2020,Everton,0,1,Leeds United,A
2021,10,28/11/2020,West Brom,1,0,Sheffield Utd,H
2021,10,29/11/2020,Southampton,2,3,Manchester Utd,A
2021,10,29/11/2020,Chelsea,0,0,Tottenham,D
2021,10,29/11/2020,Arsenal,1,2,Wolves,A
2021,10,30/11/2020,Leicester City,1,2,Fulham,A
2021,10,30/11/2020,West Ham,2,1,Aston Villa,H
2021,11,05/12/2020,Burnley,1,1,Everton,D
2021,11,05/12/2020,Manchester City,2,0,Fulham,H
2021,11,05/12/2020,West Ham,1,3,Manchester Utd,A
2021,11,05/12/2020,Chelsea,3,1,Leeds United,H
2021,11,06/12/2020,West Brom,1,5,Crystal Palace,A
2021,11,06/12/2020,Sheffield Utd,1,2,Leicester City,A
2021,11,06/12/2020,Tottenham,2,0,Arsenal,H
2021,11,06/12/2020,Liverpool,4,0,Wolves,H
2021,11,07/12/2020,Brighton,1,2,Southampton,A
2021,12,11/12/2020,Leeds United,1,2,West Ham,A
2021,12,12/12/2020,Wolves,0,1,Aston Villa,A
2021,12,12/12/2020,Newcastle Utd,2,1,West Brom,H
2021,12,12/12/2020,Manchester Utd,0,0,Manchester City,D
2021,12,12/12/2020,Everton,1,0,Chelsea,H
2021,12,13/12/2020,Southampton,3,0,Sheffield Utd,H
2021,12,13/12/2020,Crystal Palace,1,1,Tottenham,D
2021,12,13/12/2020,Fulham,1,1,Liverpool,D
2021,12,13/12/2020,Leicester City,3,0,Brighton,H
2021,12,13/12/2020,Arsenal,0,1,Burnley,A
2021,13,15/12/2020,Wolves,2,1,Chelsea,H
2021,13,15/12/2020,Manchester City,1,1,West Brom,D
2021,13,16/12/2020,Leeds United,5,2,Newcastle Utd,H
2021,13,16/12/2020,Arsenal,1,1,Southampton,D
2021,13,16/12/2020,Leicester City,0,2,Everton,A
2021,13,16/12/2020,Liverpool,2,1,Tottenham,H
2021,13,16/12/2020,West Ham,1,1,Crystal Palace,D
2021,13,16/12/2020,Fulham,0,0,Brighton,D
2021,13,17/12/2020,Aston Villa,0,0,Burnley,D
2021,13,17/12/2020,Sheffield Utd,2,3,Manchester Utd,A
2021,14,19/12/2020,Crystal Palace,0,7,Liverpool,A
2021,14,19/12/2020,Southampton,0,1,Manchester City,A
2021,14,19/12/2020,Everton,2,1,Arsenal,H
2021,14,19/12/2020,Newcastle Utd,1,1,Fulham,D
2021,14,20/12/2020,Brighton,1,1,Sheffield Utd,D
2021,14,20/12/2020,Tottenham,0,2,Leicester City,A
2021,14,20/12/2020,Manchester Utd,6,2,Leeds United,H
2021,14,20/12/2020,West Brom,0,3,Aston Villa,A
2021,14,21/12/2020,Burnley,2,1,Wolves,H
2021,14,21/12/2020,Chelsea,3,0,West Ham,H
2021,15,26/12/2020,Leicester City,2,2,Manchester Utd,D
2021,15,26/12/2020,Fulham,0,0,Southampton,D
2021,15,26/12/2020,Aston Villa,3,0,Crystal Palace,H
2021,15,26/12/2020,Arsenal,3,1,Chelsea,H
2021,15,26/12/2020,Sheffield Utd,0,1,Everton,A
2021,15,26/12/2020,Manchester City,2,0,Newcastle Utd,H
2021,15,27/12/2020,Leeds United,1,0,Burnley,H
2021,15,27/12/2020,West Ham,2,2,Brighton,D
2021,15,27/12/2020,Liverpool,1,1,West Brom,D
2021,15,27/12/2020,Wolves,1,1,Tottenham,D
2021,16,28/12/2020,Crystal Palace,1,1,Leicester City,D
2021,16,28/12/2020,Chelsea,1,1,Aston Villa,D
2021,16,29/12/2020,Burnley,1,0,Sheffield Utd,H
2021,16,29/12/2020,West Brom,0,5,Leeds United,A
2021,16,29/12/2020,Brighton,0,1,Arsenal,A
2021,16,29/12/2020,Southampton,0,0,West Ham,D
2021,16,29/12/2020,Manchester Utd,1,0,Wolves,H
2021,16,30/12/2020,Newcastle Utd,0,0,Liverpool,D
2021,17,01/01/2021,Everton,0,1,West Ham,A
2021,17,01/01/2021,Manchester Utd,2,1,Aston Villa,H
2021,17,02/01/2021,Tottenham,3,0,Leeds United,H
2021,17,02/01/2021,Crystal Palace,2,0,Sheffield Utd,H
2021,17,02/01/2021,Brighton,3,3,Wolves,D
2021,17,02/01/2021,West Brom,0,4,Arsenal,A
2021,17,03/01/2021,Newcastle Utd,1,2,Leicester City,A
2021,17,03/01/2021,Chelsea,1,3,Manchester City,A
2021,17,04/01/2021,Southampton,1,0,Liverpool,H
2021,1,12/01/2021,Burnley,0,1,Manchester Utd,A
2021,18,12/01/2021,Sheffield Utd,1,0,Newcastle Utd,H
2021,18,12/01/2021,Wolves,1,2,Everton,A
2021,16,13/01/2021,Tottenham,1,1,Fulham,D
2021,18,13/01/2021,Manchester City,1,0,Brighton,H
2021,18,14/01/2021,Arsenal,0,0,Crystal Palace,D
2021,19,16/01/2021,Wolves,2,3,West Brom,A
2021,19,16/01/2021,Leeds United,0,1,Brighton,A
2021,19,16/01/2021,West Ham,1,0,Burnley,H
2021,19,16/01/2021,Fulham,0,1,Chelsea,A
2021,19,16/01/2021,Leicester City,2,0,Southampton,H
2021,19,17/01/2021,Sheffield Utd,1,3,Tottenham,A
2021,19,17/01/2021,Liverpool,0,0,Manchester Utd,D
2021,19,17/01/2021,Manchester City,4,0,Crystal Palace,H
2021,19,18/01/2021,Arsenal,3,0,Newcastle Utd,H
2021,18,19/01/2021,West Ham,2,1,West Brom,H
2021,18,19/01/2021,Leicester City,2,0,Chelsea,H
2021,1,20/01/2021,Manchester City,2,0,Aston Villa,H
2021,18,20/01/2021,Fulham,1,2,Manchester Utd,A
2021,18,21/01/2021,Liverpool,0,1,Burnley,A
2021,11,23/01/2021,Aston Villa,2,0,Newcastle Utd,H
2021,20,26/01/2021,Newcastle Utd,1,2,Leeds United,A
2021,20,26/01/2021,Crystal Palace,2,3,West Ham,A
2021,20,26/01/2021,Southampton,1,3,Arsenal,A
2021,20,26/01/2021,West Brom,0,5,Manchester City,A
2021,20,27/01/2021,Burnley,3,2,Aston Villa,H
2021,20,27/01/2021,Chelsea,0,0,Wolves,D
2021,20,27/01/2021,Brighton,0,0,Fulham,D
2021,20,27/01/2021,Everton,1,1,Leicester City,D
2021,20,27/01/2021,Manchester Utd,1,2,Sheffield Utd,A
2021,20,28/01/2021,Tottenham,1,3,Liverpool,A
2021,21,30/01/2021,Everton,0,2,Newcastle Utd,A
2021,21,30/01/2021,West Brom,2,2,Fulham,D
2021,21,30/01/2021,Manchester City,1,0,Sheffield Utd,H
2021,21,30/01/2021,Crystal Palace,1,0,Wolves,H
2021,21,30/01/2021,Arsenal,0,0,Manchester Utd,D
2021,21,30/01/2021,Southampton,0,1,Aston Villa,A
2021,21,31/01/2021,Chelsea,2,0,Burnley,H
2021,21,31/01/2021,Leicester City,1,3,Leeds United,A
2021,21,31/01/2021,West Ham,1,3,Liverpool,A
2021,21,31/01/2021,Brighton,1,0,Tottenham,H
2021,22,02/02/2021,Wolves,2,1,Arsenal,H
2021,22,02/02/2021,Sheffield Utd,2,1,West Brom,H
2021,22,02/02/2021,Manchester Utd,9,0,Southampton,H
2021,22,02/02/2021,Newcastle Utd,1,2,Crystal Palace,A
2021,22,03/02/2021,Burnley,0,2,Manchester City,A
2021,22,03/02/2021,Fulham,0,2,Leicester City,A
2021,22,03/02/2021,Leeds United,1,2,Everton,A
2021,22,03/02/2021,Liverpool,0,1,Brighton,A
2021,22,03/02/2021,Aston Villa,1,3,West Ham,A
2021,22,04/02/2021,Tottenham,0,1,Chelsea,A
2021,23,06/02/2021,Aston Villa,1,0,Arsenal,H
2021,23,06/02/2021,Newcastle Utd,3,2,Southampton,H
2021,23,06/02/2021,Burnley,1,1,Brighton,D
2021,23,06/02/2021,Fulham,0,0,West Ham,D
2021,23,06/02/2021,Manchester Utd,3,3,Everton,D
2021,23,07/02/2021,Tottenham,2,0,West Brom,H
2021,23,07/02/2021,Wolves,0,0,Leicester City,D
2021,23,07/02/2021,Liverpool,1,4,Manchester City,A
2021,23,07/02/2021,Sheffield Utd,1,2,Chelsea,A
2021,23,08/02/2021,Leeds United,2,0,Crystal Palace,H
2021,24,13/02/2021,Leicester City,3,1,Liverpool,H
2021,24,13/02/2021,Crystal Palace,0,3,Burnley,A
2021,24,13/02/2021,Manchester City,3,0,Tottenham,H
2021,24,13/02/2021,Brighton,0,0,Aston Villa,D
2021,24,14/02/2021,Southampton,1,2,Wolves,A
2021,24,14/02/2021,West Brom,1,1,Manchester Utd,D
2021,24,14/02/2021,Arsenal,4,2,Leeds United,H
2021,24,14/02/2021,Everton,0,2,Fulham,A
2021,24,15/02/2021,West Ham,3,0,Sheffield Utd,H
2021,24,15/02/2021,Chelsea,2,0,Newcastle Utd,H
2021,16,17/02/2021,Everton,1,3,Manchester City,A
2021,17,17/02/2021,Burnley,1,1,Fulham,D
2021,25,19/02/2021,Wolves,1,0,Leeds United,H
2021,25,20/02/2021,Southampton,1,1,Chelsea,D
2021,25,20/02/2021,Burnley,0,0,West Brom,D
2021,25,20/02/2021,Liverpool,0,2,Everton,A
2021,25,20/02/2021,Fulham,1,0,Sheffield Utd,H
2021,25,21/02/2021,West Ham,2,1,Tottenham,H
2021,25,21/02/2021,Aston Villa,1,2,Leicester City,A
2021,25,21/02/2021,Arsenal,0,1,Manchester City,A
2021,25,21/02/2021,Manchester Utd,3,1,Newcastle Utd,H
2021,25,22/02/2021,Brighton,1,2,Crystal Palace,A
2021,18,23/02/2021,Leeds United,3,0,Southampton,H
2021,26,27/02/2021,Manchester City,2,1,West Ham,H
2021,26,27/02/2021,West Brom,1,0,Brighton,H
2021,26,27/02/2021,Leeds United,0,1,Aston Villa,A
2021,26,27/02/2021,Newcastle Utd,1,1,Wolves,D
2021,26,28/02/2021,Crystal Palace,0,0,Fulham,D
2021,26,28/02/2021,Leicester City,1,3,Arsenal,A
2021,26,28/02/2021,Tottenham,4,0,Burnley,H
2021,26,28/02/2021,Chelsea,0,0,Manchester Utd,D
2021,26,28/02/2021,Sheffield Utd,0,2,Liverpool,A
2021,26,01/03/2021,Everton,1,0,Southampton,H
2021,29,02/03/2021,Manchester City,4,1,Wolves,H
2021,29,03/03/2021,Burnley,1,1,Leicester City,D
2021,29,03/03/2021,Sheffield Utd,1,0,Aston Villa,H
2021,29,03/03/2021,Crystal Palace,0,0,Manchester Utd,D
2021,29,04/03/2021,West Brom,0,1,Everton,A
2021,29,04/03/2021,Liverpool,0,1,Chelsea,A
2021,33,04/03/2021,Fulham,0,1,Tottenham,A
2021,27,06/03/2021,Burnley,1,1,Arsenal,D
2021,27,06/03/2021,Sheffield Utd,0,2,Southampton,A
2021,27,06/03/2021,Aston Villa,0,0,Wolves,D
2021,27,06/03/2021,Brighton,1,2,Leicester City,A
2021,27,07/03/2021,West Brom,0,0,Newcastle Utd,D
2021,27,07/03/2021,Liverpool,0,1,Fulham,A
2021,27,07/03/2021,Manchester City,0,2,Manchester Utd,A
2021,27,07/03/2021,Tottenham,4,1,Crystal Palace,H
2021,27,08/03/2021,Chelsea,2,0,Everton,H
2021,27,08/03/2021,West Ham,2,0,Leeds United,H
2021,33,10/03/2021,Manchester City,5,2,Southampton,H
2021,28,12/03/2021,Newcastle Utd,1,1,Aston Villa,D
2021,28,13/03/2021,Leeds United,0,0,Chelsea,D
2021,28,13/03/2021,Crystal Palace,1,0,West Brom,H
2021,28,13/03/2021,Everton,1,2,Burnley,A
2021,28,13/03/2021,Fulham,0,3,Manchester City,A
2021,28,14/03/2021,Southampton,1,2,Brighton,A
2021,28,14/03/2021,Leicester City,5,0,Sheffield Utd,H
2021,28,14/03/2021,Arsenal,2,1,Tottenham,H
2021,28,14/03/2021,Manchester Utd,1,0,West Ham,H
2021,28,15/03/2021,Wolves,0,1,Liverpool,A
2021,29,19/03/2021,Fulham,1,2,Leeds United,A
2021,29,20/03/2021,Brighton,3,0,Newcastle Utd,H
2021,18,21/03/2021,Aston Villa,0,2,Tottenham,A
2021,29,21/03/2021,West Ham,3,3,Arsenal,D
2021,30,03/04/2021,Chelsea,2,5,West Brom,A
2021,30,03/04/2021,Leeds United,2,1,Sheffield Utd,H
2021,30,03/04/2021,Leicester City,0,2,Manchester City,A
2021,30,03/04/2021,Arsenal,0,3,Liverpool,A
2021,30,04/04/2021,Southampton,3,2,Burnley,H
2021,30,04/04/2021,Newcastle Utd,2,2,Tottenham,D
2021,30,04/04/2021,Aston Villa,3,1,Fulham,H
2021,30,04/04/2021,Manchester Utd,2,1,Brighton,H
2021,30,05/04/2021,Everton,1,1,Crystal Palace,D
2021,30,05/04/2021,Wolves,2,3,West Ham,A
2021,31,09/04/2021,Fulham,0,1,Wolves,A
2021,31,10/04/2021,Manchester City,1,2,Leeds United,A
2021,31,10/04/2021,Liverpool,2,1,Aston Villa,H
2021,31,10/04/2021,Crystal Palace,1,4,Chelsea,A
2021,31,11/04/2021,Burnley,1,2,Newcastle Utd,A
2021,31,11/04/2021,West Ham,3,2,Leicester City,H
2021,31,11/04/2021,Tottenham,1,3,Manchester Utd,A
2021,31,11/04/2021,Sheffield Utd,0,3,Arsenal,A
2021,31,12/04/2021,West Brom,3,0,Southampton,H
2021,31,12/04/2021,Brighton,0,0,Everton,D
2021,32,16/04/2021,Everton,2,2,Tottenham,D
2021,32,17/04/2021,Newcastle Utd,3,2,West Ham,H
2021,32,17/04/2021,Wolves,1,0,Sheffield Utd,H
2021,32,18/04/2021,Arsenal,1,1,Fulham,D
2021,32,18/04/2021,Manchester Utd,3,1,Burnley,H
2021,32,19/04/2021,Leeds United,1,1,Liverpool,D
2021,32,20/04/2021,Chelsea,0,0,Brighton,D
2021,29,21/04/2021,Tottenham,2,1,Southampton,H
2021,32,21/04/2021,Aston Villa,1,2,Manchester City,A
2021,32,22/04/2021,Leicester City,3,0,West Brom,H
2021,33,23/04/2021,Arsenal,0,1,Everton,A
2021,33,24/04/2021,Liverpool,1,1,Newcastle Utd,D
2021,33,24/04/2021,West Ham,0,1,Chelsea,A
2021,33,24/04/2021,Sheffield Utd,1,0,Brighton,H
2021,33,25/04/2021,Wolves,0,4,Burnley,A
2021,33,25/04/2021,Leeds United,0,0,Manchester Utd,D
2021,33,25/04/2021,Aston Villa,2,2,West Brom,D
2021,33,26/04/2021,Leicester City,2,1,Crystal Palace,H
2021,34,30/04/2021,Southampton,1,1,Leicester City,D
2021,34,01/05/2021,Crystal Palace,0,2,Manchester City,A
2021,34,01/05/2021,Brighton,2,0,Leeds United,H
2021,34,01/05/2021,Chelsea,2,0,Fulham,H
2021,34,01/05/2021,Everton,1,2,Aston Villa,A
2021,34,02/05/2021,Newcastle Utd,0,2,Arsenal,A
2021,34,02/05/2021,Tottenham,4,0,Sheffield Utd,H
2021,34,03/05/2021,West Brom,1,1,Wolves,D
2021,34,03/05/2021,Burnley,1,2,West Ham,A
2021,35,07/05/2021,Leicester City,2,4,Newcastle Utd,A
2021,35,08/05/2021,Leeds United,3,1,Tottenham,H
2021,35,08/05/2021,Sheffield Utd,0,2,Crystal Palace,A
2021,35,08/05/2021,Manchester City,1,2,Chelsea,A
2021,35,08/05/2021,Liverpool,2,0,Southampton,H
2021,35,09/05/2021,Wolves,2,1,Brighton,H
2021,35,09/05/2021,Aston Villa,1,3,Manchester Utd,A
2021,35,09/05/2021,West Ham,0,1,Everton,A
2021,35,09/05/2021,Arsenal,3,1,West Brom,H
2021,35,10/05/2021,Fulham,0,2,Burnley,A
2021,32,11/05/2021,Southampton,3,1,Crystal Palace,H
2021,36,11/05/2021,Manchester Utd,1,2,Leicester City,A
2021,36,12/05/2021,Chelsea,0,1,Arsenal,A
2021,19,13/05/2021,Aston Villa,0,0,Everton,D
2021,34,13/05/2021,Manchester Utd,2,4,Liverpool,A
2021,36,14/05/2021,Newcastle Utd,3,4,Manchester City,A
2021,36,15/05/2021,Burnley,0,4,Leeds United,A
2021,36,15/05/2021,Southampton,3,1,Fulham,H
2021,36,15/05/2021,Brighton,1,1,West Ham,D
2021,36,16/05/2021,Crystal Palace,3,2,Aston Villa,H
2021,36,16/05/2021,Tottenham,2,0,Wolves,H
2021,36,16/05/2021,West Brom,1,2,Liverpool,A
2021,36,16/05/2021,Everton,0,1,Sheffield Utd,A
2021,37,18/05/2021,Manchester Utd,1,1,Fulham,D
2021,37,18/05/2021,Southampton,0,2,Leeds United,A
2021,37,18/05/2021,Brighton,3,2,Manchester City,H
2021,37,18/05/2021,Chelsea,2,1,Leicester City,H
2021,37,19/05/2021,Tottenham,1,2,Aston Villa,A
2021,37,19/05/2021,Everton,1,0,Wolves,H
2021,37,19/05/2021,Newcastle Utd,1,0,Sheffield Utd,H
2021,37,19/05/2021,Crystal Palace,1,3,Arsenal,A
2021,37,19/05/2021,Burnley,0,3,Liverpool,A
2021,37,19/05/2021,West Brom,1,3,West Ham,A
2021,38,23/05/2021,Leicester City,2,4,Tottenham,A
2021,38,23/05/2021,Manchester City,5,0,Everton,H
2021,38,23/05/2021,Liverpool,2,0,Crystal Palace,H
2021,38,23/05/2021,Sheffield Utd,1,0,Burnley,H
2021,38,23/05/2021,Wolves,1,2,Manchester Utd,A
2021,38,23/05/2021,Arsenal,2,0,Brighton,H
2021,38,23/05/2021,Leeds United,3,1,West Brom,H
2021,38,23/05/2021,Fulham,0,2,Newcastle Utd,A
2021,38,23/05/2021,Aston Villa,2,1,Chelsea,H
2021,38,23/05/2021,West Ham,3,0,Southampton,H
2022,1,13/08/2021,Brentford,2,0,Arsenal,H
2022,1,14/08/2021,Manchester Utd,5,1,Leeds United,H
2022,1,14/08/2021,Watford,3,2,Aston Villa,H
2022,1,14/08/2021,Chelsea,3,0,Crystal Palace,H
2022,1,14/08/2021,Everton,3,1,Southampton,H
2022,1,14/08/2021,Burnley,1,2,Brighton,A
2022,1,14/08/2021,Leicester City,1,0,Wolves,H
2022,1,14/08/2021,Norwich City,0,3,Liverpool,A
2022,1,15/08/2021,Newcastle Utd,2,4,West Ham,A
2022,1,15/08/2021,Tottenham,1,0,Manchester City,H
2022,2,21/08/2021,Liverpool,2,0,Burnley,H
2022,2,21/08/2021,Leeds United,2,2,Everton,D
2022,2,21/08/2021,Aston Villa,2,0,Newcastle Utd,H
2022,2,21/08/2021,Crystal Palace,0,0,Brentford,D
2022,2,21/08/2021,Manchester City,5,0,Norwich City,H
2022,2,21/08/2021,Brighton,2,0,Watford,H
2022,2,22/08/2021,Southampton,1,1,Manchester Utd,D
2022,2,22/08/2021,Wolves,0,1,Tottenham,A
2022,2,22/08/2021,Arsenal,0,2,Chelsea,A
2022,2,23/08/2021,West Ham,4,1,Leicester City,H
2022,3,28/08/2021,Manchester City,5,0,Arsenal,H
2022,3,28/08/2021,West Ham,2,2,Crystal Palace,D
2022,3,28/08/2021,Norwich City,1,2,Leicester City,A
2022,3,28/08/2021,Brighton,0,2,Everton,A
2022,3,28/08/2021,Newcastle Utd,2,2,Southampton,D
2022,3,28/08/2021,Aston Villa,1,1,Brentford,D
2022,3,28/08/2021,Liverpool,1,1,Chelsea,D
2022,3,29/08/2021,Burnley,1,1,Leeds United,D
2022,3,29/08/2021,Tottenham,1,0,Watford,H
2022,3,29/08/2021,Wolves,0,1,Manchester Utd,A
2022,4,11/09/2021,Crystal Palace,3,0,Tottenham,H
2022,4,11/09/2021,Southampton,0,0,West Ham,D
2022,4,11/09/2021,Manchester Utd,4,1,Newcastle Utd,H
2022,4,11/09/2021,Arsenal,1,0,Norwich City,H
2022,4,11/09/2021,Leicester City,0,1,Manchester City,A
2022,4,11/09/2021,Watford,0,2,Wolves,A
2022,4,11/09/2021,Brentford,0,1,Brighton,A
2022,4,11/09/2021,Chelsea,3,0,Aston Villa,H
2022,4,12/09/2021,Leeds United,0,3,Liverpool,A
2022,4,13/09/2021,Everton,3,1,Burnley,H
2022,5,17/09/2021,Newcastle Utd,1,1,Leeds United,D
2022,5,18/09/2021,Wolves,0,2,Brentford,A
2022,5,18/09/2021,Liverpool,3,0,Crystal Palace,H
2022,5,18/09/2021,Norwich City,1,3,Watford,A
2022,5,18/09/2021,Manchester City,0,0,Southampton,D
2022,5,18/09/2021,Burnley,0,1,Arsenal,A
2022,5,18/09/2021,Aston Villa,3,0,Everton,H
2022,5,19/09/2021,West Ham,1,2,Manchester Utd,A
2022,5,19/09/2021,Brighton,2,1,Leicester City,H
2022,5,19/09/2021,Tottenham,0,3,Chelsea,A
2022,6,25/09/2021,Chelsea,0,1,Manchester City,A
2022,6,25/09/2021,Manchester Utd,0,1,Aston Villa,A
2022,6,25/09/2021,Everton,2,0,Norwich City,H
2022,6,25/09/2021,Leeds United,1,2,West Ham,A
2022,6,25/09/2021,Watford,1,1,Newcastle Utd,D
2022,6,25/09/2021,Leicester City,2,2,Burnley,D
2022,6,25/09/2021,Brentford,3,3,Liverpool,D
2022,6,26/09/2021,Southampton,0,1,Wolves,A
2022,6,26/09/2021,Arsenal,3,1,Tottenham,H
2022,6,27/09/2021,Crystal Palace,1,1,Brighton,D
2022,7,02/10/2021,Manchester Utd,1,1,Everton,D
2022,7,02/10/2021,Leeds United,1,0,Watford,H
2022,7,02/10/2021,Wolves,2,1,Newcastle Utd,H
2022,7,02/10/2021,Burnley,0,0,Norwich City,D
2022,7,02/10/2021,Chelsea,3,1,Southampton,H
2022,7,02/10/2021,Brighton,0,0,Arsenal,D
2022,7,03/10/2021,Crystal Palace,2,2,Leicester City,D
2022,7,03/10/2021,West Ham,1,2,Brentford,A
2022,7,03/10/2021,Tottenham,2,1,Aston Villa,H
2022,7,03/10/2021,Liverpool,2,2,Manchester City,D
2022,8,16/10/2021,Watford,0,5,Liverpool,A
2022,8,16/10/2021,Leicester City,4,2,Manchester Utd,H
2022,8,16/10/2021,Southampton,1,0,Leeds United,H
2022,8,16/10/2021,Manchester City,2,0,Burnley,H
2022,8,16/10/2021,Aston Villa,2,3,Wolves,A
2022,8,16/10/2021,Norwich City,0,0,Brighton,D
2022,8,16/10/2021,Brentford,0,1,Chelsea,A
2022,8,17/10/2021,Everton,0,1,West Ham,A
2022,8,17/10/2021,Newcastle Utd,2,3,Tottenham,A
2022,8,18/10/2021,Arsenal,2,2,Crystal Palace,D
2022,9,22/10/2021,Arsenal,3,1,Aston Villa,H
2022,9,23/10/2021,Chelsea,7,0,Norwich City,H
2022,9,23/10/2021,Southampton,2,2,Burnley,D
2022,9,23/10/2021,Crystal Palace,1,1,Newcastle Utd,D
2022,9,23/10/2021,Everton,2,5,Watford,A
2022,9,23/10/2021,Leeds United,1,1,Wolves,D
2022,9,23/10/2021,Brighton,1,4,Manchester City,A
2022,9,24/10/2021,West Ham,1,0,Tottenham,H
2022,9,24/10/2021,Brentford,1,2,Leicester City,A
2022,9,24/10/2021,Manchester Utd,0,5,Liverpool,A
2022,10,30/10/2021,Leicester City,0,2,Arsenal,A
2022,10,30/10/2021,Watford,0,1,Southampton,A
2022,10,30/10/2021,Newcastle Utd,0,3,Chelsea,A
2022,10,30/10/2021,Liverpool,2,2,Brighton,D
2022,10,30/10/2021,Burnley,3,1,Brentford,H
2022,10,30/10/2021,Manchester City,0,2,Crystal Palace,A
2022,10,30/10/2021,Tottenham,0,3,Manchester Utd,A
2022,10,31/10/2021,Norwich City,1,2,Leeds United,A
2022,10,31/10/2021,Aston Villa,1,4,West Ham,A
2022,10,01/11/2021,Wolves,2,1,Everton,H
2022,11,05/11/2021,Southampton,1,0,Aston Villa,H
2022,11,06/11/2021,Manchester Utd,0,2,Manchester City,A
2022,11,06/11/2021,Crystal Palace,2,0,Wolves,H
2022,11,06/11/2021,Chelsea,1,1,Burnley,D
2022,11,06/11/2021,Brentford,1,2,Norwich City,A
2022,11,06/11/2021,Brighton,1,1,Newcastle Utd,D
2022,11,07/11/2021,Leeds United,1,1,Leicester City,D
2022,11,07/11/2021,Everton,0,0,Tottenham,D
2022,11,07/11/2021,Arsenal,1,0,Watford,H
2022,11,07/11/2021,West Ham,3,2,Liverpool,H
2022,12,20/11/2021,Leicester City,0,3,Chelsea,A
2022,12,20/11/2021,Newcastle Utd,3,3,Brentford,D
2022,12,20/11/2021,Aston Villa,2,0,Brighton,H
2022,12,20/11/2021,Watford,4,1,Manchester Utd,H
2022,12,20/11/2021,Norwich City,2,1,Southampton,H
2022,12,20/11/2021,Wolves,1,0,West Ham,H
2022,12,20/11/2021,Burnley,3,3,Crystal Palace,D
2022,12,20/11/2021,Liverpool,4,0,Arsenal,H
2022,12,21/11/2021,Manchester City,3,0,Everton,H
2022,12,21/11/2021,Tottenham,2,1,Leeds United,H
2022,13,27/11/2021,Arsenal,2,0,Newcastle Utd,H
2022,13,27/11/2021,Crystal Palace,1,2,Aston Villa,A
2022,13,27/11/2021,Norwich City,0,0,Wolves,D
2022,13,27/11/2021,Liverpool,4,0,Southampton,H
2022,13,27/11/2021,Brighton,0,0,Leeds United,D
2022,13,28/11/2021,Brentford,1,0,Everton,H
2022,13,28/11/2021,Leicester City,4,2,Watford,H
2022,13,28/11/2021,Manchester City,2,1,West Ham,H
2022,13,28/11/2021,Chelsea,1,1,Manchester Utd,D
2022,14,30/11/2021,Newcastle Utd,1,1,Norwich City,D
2022,14,30/11/2021,Leeds United,1,0,Crystal Palace,H
2022,14,01/12/2021,Wolves,0,0,Burnley,D
2022,14,01/12/2021,Southampton,2,2,Leicester City,D
2022,14,01/12/2021,Watford,1,2,Chelsea,A
2022,14,01/12/2021,West Ham,1,1,Brighton,D
2022,14,01/12/2021,Everton,1,4,Liverpool,A
2022,14,01/12/2021,Aston Villa,1,2,Manchester City,A
2022,14,02/12/2021,Tottenham,2,0,Brentford,H
2022,14,02/12/2021,Manchester Utd,3,2,Arsenal,H
2022,15,04/12/2021,West Ham,3,2,Chelsea,H
2022,15,04/12/2021,Wolves,0,1,Liverpool,A
2022,15,04/12/2021,Southampton,1,1,Brighton,D
2022,15,04/12/2021,Newcastle Utd,1,0,Burnley,H
2022,15,04/12/2021,Watford,1,3,Manchester City,A
2022,15,05/12/2021,Tottenham,3,0,Norwich City,H
2022,15,05/12/2021,Manchester Utd,1,0,Crystal Palace,H
2022,15,05/12/2021,Leeds United,2,2,Brentford,D
2022,15,05/12/2021,Aston Villa,2,1,Leicester City,H
2022,15,06/12/2021,Everton,2,1,Arsenal,H
2022,16,10/12/2021,Brentford,2,1,Watford,H
2022,16,11/12/2021,Manchester City,1,0,Wolves,H
2022,16,11/12/2021,Liverpool,1,0,Aston Villa,H
2022,16,11/12/2021,Chelsea,3,2,Leeds United,H
2022,16,11/12/2021,Arsenal,3,0,Southampton,H
2022,16,11/12/2021,Norwich City,0,1,Manchester Utd,A
2022,16,12/12/2021,Burnley,0,0,West Ham,D
2022,16,12/12/2021,Leicester City,4,0,Newcastle Utd,H
2022,16,12/12/2021,Crystal Palace,3,1,Everton,H
2022,17,14/12/2021,Norwich City,0,2,Aston Villa,A
2022,17,14/12/2021,Manchester City,7,0,Leeds United,H
2022,17,15/12/2021,Crystal Palace,2,2,Southampton,D
2022,17,15/12/2021,Brighton,0,1,Wolves,A
2022,17,15/12/2021,Arsenal,2,0,West Ham,H
2022,17,16/12/2021,Chelsea,1,1,Everton,D
2022,17,16/12/2021,Liverpool,3,1,Newcastle Utd,H
2022,18,18/12/2021,Leeds United,1,4,Arsenal,A
2022,18,19/12/2021,Wolves,0,0,Chelsea,D
2022,18,19/12/2021,Newcastle Utd,0,4,Manchester City,A
2022,18,19/12/2021,Tottenham,2,2,Liverpool,D
2022,19,26/12/2021,West Ham,2,3,Southampton,A
2022,19,26/12/2021,Manchester City,6,3,Leicester City,H
2022,19,26/12/2021,Norwich City,0,5,Arsenal,A
2022,19,26/12/2021,Tottenham,3,0,Crystal Palace,H
2022,19,26/12/2021,Aston Villa,1,3,Chelsea,A
2022,19,26/12/2021,Brighton,2,0,Brentford,H
2022,19,27/12/2021,Newcastle Utd,1,1,Manchester Utd,D
2022,20,28/12/2021,Southampton,1,1,Tottenham,D
2022,20,28/12/2021,Crystal Palace,3,0,Norwich City,H
2022,20,28/12/2021,Watford,1,4,West Ham,A
2022,20,28/12/2021,Leicester City,1,0,Liverpool,H
2022,20,29/12/2021,Chelsea,1,1,Brighton,D
2022,20,29/12/2021,Brentford,0,1,Manchester City,A
2022,20,30/12/2021,Manchester Utd,3,1,Burnley,H
2022,21,01/01/2022,Arsenal,1,2,Manchester City,A
2022,21,01/01/2022,Watford,0,1,Tottenham,A
2022,21,01/01/2022,Crystal Palace,2,3,West Ham,A
2022,21,02/01/2022,Leeds United,3,1,Burnley,H
2022,21,02/01/2022,Everton,2,3,Brighton,A
2022,21,02/01/2022,Brentford,2,1,Aston Villa,H
2022,21,02/01/2022,Chelsea,2,2,Liverpool,D
2022,21,03/01/2022,Manchester Utd,0,1,Wolves,A
2022,18,11/01/2022,Southampton,4,1,Brentford,H
2022,18,12/01/2022,West Ham,2,0,Norwich City,H
2022,22,14/01/2022,Brighton,1,1,Crystal Palace,D
2022,22,15/01/2022,Manchester City,1,0,Chelsea,H
2022,22,15/01/2022,Newcastle Utd,1,1,Watford,D
2022,22,15/01/2022,Wolves,3,1,Southampton,H
2022,22,15/01/2022,Norwich City,2,1,Everton,H
2022,22,15/01/2022,Aston Villa,2,2,Manchester Utd,D
2022,22,16/01/2022,West Ham,2,3,Leeds United,A
2022,22,16/01/2022,Liverpool,3,0,Brentford,H
2022,24,18/01/2022,Brighton,1,1,Chelsea,D
2022,17,19/01/2022,Leicester City,2,3,Tottenham,A
2022,17,19/01/2022,Brentford,1,3,Manchester Utd,A
2022,23,21/01/2022,Watford,0,3,Norwich City,A
2022,23,22/01/2022,Everton,0,1,Aston Villa,A
2022,23,22/01/2022,Manchester Utd,1,0,West Ham,H
2022,23,22/01/2022,Brentford,1,2,Wolves,A
2022,23,22/01/2022,Leeds United,0,1,Newcastle Utd,A
2022,23,22/01/2022,Southampton,1,1,Manchester City,D
2022,23,23/01/2022,Leicester City,1,1,Brighton,D
2022,23,23/01/2022,Crystal Palace,1,3,Liverpool,A
2022,23,23/01/2022,Arsenal,0,0,Burnley,D
2022,23,23/01/2022,Chelsea,2,0,Tottenham,H
2022,17,05/02/2022,Burnley,0,0,Watford,D
2022,24,08/02/2022,Newcastle Utd,3,1,Everton,H
2022,24,08/02/2022,West Ham,1,0,Watford,H
2022,24,08/02/2022,Burnley,1,1,Manchester Utd,D
2022,24,09/02/2022,Tottenham,2,3,Southampton,A
2022,24,09/02/2022,Manchester City,2,0,Brentford,H
2022,24,09/02/2022,Norwich City,1,1,Crystal Palace,D
2022,24,09/02/2022,Aston Villa,3,3,Leeds United,D
2022,24,10/02/2022,Wolves,0,1,Arsenal,A
2022,24,10/02/2022,Liverpool,2,0,Leicester City,H
2022,25,12/02/2022,Manchester Utd,1,1,Southampton,D
2022,25,12/02/2022,Brentford,0,0,Crystal Palace,D
2022,25,12/02/2022,Everton,3,0,Leeds United,H
2022,25,12/02/2022,Watford,0,2,Brighton,A
2022,25,12/02/2022,Norwich City,0,4,Manchester City,A
2022,25,13/02/2022,Tottenham,0,2,Wolves,A
2022,25,13/02/2022,Burnley,0,1,Liverpool,A
2022,25,13/02/2022,Newcastle Utd,1,0,Aston Villa,H
2022,25,13/02/2022,Leicester City,2,2,West Ham,D
2022,18,15/02/2022,Manchester Utd,2,0,Brighton,H
2022,26,19/02/2022,West Ham,1,1,Newcastle Utd,D
2022,26,19/02/2022,Aston Villa,0,1,Watford,A
2022,26,19/02/2022,Liverpool,3,1,Norwich City,H
2022,26,19/02/2022,Crystal Palace,0,1,Chelsea,A
2022,26,19/02/2022,Arsenal,2,1,Brentford,H
2022,26,19/02/2022,Southampton,2,0,Everton,H
2022,26,19/02/2022,Brighton,0,3,Burnley,A
2022,26,19/02/2022,Manchester City,2,3,Tottenham,A
2022,26,20/02/2022,Leeds United,2,4,Manchester Utd,A
2022,26,20/02/2022,Wolves,2,1,Leicester City,H
2022,13,23/02/2022,Burnley,1,0,Tottenham,H
2022,18,23/02/2022,Watford,1,4,Crystal Palace,A
2022,19,23/02/2022,Liverpool,6,0,Leeds United,H
2022,20,24/02/2022,Arsenal,2,1,Wolves,H
2022,27,25/02/2022,Southampton,2,0,Norwich City,H
2022,27,26/02/2022,Leeds United,0,4,Tottenham,A
2022,27,26/02/2022,Crystal Palace,1,1,Burnley,D
2022,27,26/02/2022,Brighton,0,2,Aston Villa,A
2022,27,26/02/2022,Manchester Utd,0,0,Watford,D
2022,27,26/02/2022,Brentford,0,2,Newcastle Utd,A
2022,27,26/02/2022,Everton,0,1,Manchester City,A
2022,27,27/02/2022,West Ham,1,0,Wolves,H
2022,22,01/03/2022,Burnley,0,2,Leicester City,A
2022,28,05/03/2022,Leicester City,1,0,Leeds United,H
2022,28,05/03/2022,Wolves,0,2,Crystal Palace,A
2022,28,05/03/2022,Aston Villa,4,0,Southampton,H
2022,28,05/03/2022,Newcastle Utd,2,1,Brighton,H
2022,28,05/03/2022,Norwich City,1,3,Brentford,A
2022,28,05/03/2022,Burnley,0,4,Chelsea,A
2022,28,05/03/2022,Liverpool,1,0,West Ham,H
2022,28,06/03/2022,Watford,2,3,Arsenal,A
2022,28,06/03/2022,Manchester City,4,1,Manchester Utd,H
2022,28,07/03/2022,Tottenham,5,0,Everton,H
2022,19,10/03/2022,Wolves,4,0,Watford,H
2022,20,10/03/2022,Leeds United,0,3,Aston Villa,A
2022,21,10/03/2022,Southampton,1,2,Newcastle Utd,A
2022,30,10/03/2022,Norwich City,1,3,Chelsea,A
2022,29,12/03/2022,Brighton,0,2,Liverpool,A
2022,29,12/03/2022,Brentford,2,0,Burnley,H
2022,29,12/03/2022,Manchester Utd,3,2,Tottenham,H
2022,29,13/03/2022,Leeds United,2,1,Norwich City,H
2022,29,13/03/2022,Chelsea,1,0,Newcastle Utd,H
2022,29,13/03/2022,West Ham,2,1,Aston Villa,H
2022,29,13/03/2022,Southampton,1,2,Watford,A
2022,29,13/03/2022,Everton,0,1,Wolves,A
2022,29,13/03/2022,Arsenal,2,0,Leicester City,H
2022,29,14/03/2022,Crystal Palace,0,0,Manchester City,D
2022,16,16/03/2022,Brighton,0,2,Tottenham,A
2022,27,16/03/2022,Arsenal,0,2,Liverpool,A
2022,20,17/03/2022,Everton,1,0,Newcastle Utd,H
2022,30,18/03/2022,Wolves,2,3,Leeds United,A
2022,30,19/03/2022,Aston Villa,0,1,Arsenal,A
2022,30,20/03/2022,Leicester City,2,1,Brentford,H
2022,30,20/03/2022,Tottenham,3,1,West Ham,H
2022,31,02/04/2022,Liverpool,2,0,Watford,H
2022,31,02/04/2022,Leeds United,1,1,Southampton,D
2022,31,02/04/2022,Burnley,0,2,Manchester City,A
2022,31,02/04/2022,Wolves,2,1,Aston Villa,H
2022,31,02/04/2022,Chelsea,1,4,Brentford,A
2022,31,02/04/2022,Brighton,0,0,Norwich City,D
2022,31,02/04/2022,Manchester Utd,1,1,Leicester City,D
2022,31,03/04/2022,West Ham,2,1,Everton,H
2022,31,03/04/2022,Tottenham,5,1,Newcastle Utd,H
2022,31,04/04/2022,Crystal Palace,3,0,Arsenal,H
2022,19,06/04/2022,Burnley,3,2,Everton,H
2022,32,08/04/2022,Newcastle Utd,1,0,Wolves,H
2022,32,09/04/2022,Everton,1,0,Manchester Utd,H
2022,32,09/04/2022,Arsenal,1,2,Brighton,A
2022,32,09/04/2022,Southampton,0,6,Chelsea,A
2022,32,09/04/2022,Watford,0,3,Leeds United,A
2022,32,09/04/2022,Aston Villa,0,4,Tottenham,A
2022,32,10/04/2022,Norwich City,2,0,Burnley,H
2022,32,10/04/2022,Brentford,2,0,West Ham,H
2022,32,10/04/2022,Leicester City,2,1,Crystal Palace,H
2022,32,10/04/2022,Manchester City,2,2,Liverpool,D
2022,33,16/04/2022,Tottenham,0,1,Brighton,A
2022,33,16/04/2022,Manchester Utd,3,2,Norwich City,H
2022,33,16/04/2022,Southampton,1,0,Arsenal,H
2022,33,16/04/2022,Watford,1,2,Brentford,A
2022,33,17/04/2022,West Ham,1,1,Burnley,D
2022,33,17/04/2022,Newcastle Utd,2,1,Leicester City,H
2022,30,19/04/2022,Liverpool,4,0,Manchester Utd,H
2022,18,20/04/2022,Everton,1,1,Leicester City,D
2022,25,20/04/2022,Chelsea,2,4,Arsenal,A
2022,30,20/04/2022,Newcastle Utd,1,0,Crystal Palace,H
2022,30,20/04/2022,Manchester City,3,0,Brighton,H
2022,30,21/04/2022,Burnley,2,0,Southampton,H
2022,34,23/04/2022,Arsenal,3,1,Manchester Utd,H
2022,34,23/04/2022,Manchester City,5,1,Watford,H
2022,34,23/04/2022,Leicester City,0,0,Aston Villa,D
2022,34,23/04/2022,Norwich City,0,3,Newcastle Utd,A
2022,34,23/04/2022,Brentford,0,0,Tottenham,D
2022,34,24/04/2022,Chelsea,1,0,West Ham,H
2022,34,24/04/2022,Burnley,1,0,Wolves,H
2022,34,24/04/2022,Brighton,2,2,Southampton,D
2022,34,24/04/2022,Liverpool,2,0,Everton,H
2022,34,25/04/2022,Crystal Palace,0,0,Leeds United,D
2022,37,28/04/2022,Manchester Utd,1,1,Chelsea,D
2022,35,30/04/2022,Newcastle Utd,0,1,Liverpool,A
2022,35,30/04/2022,Watford,1,2,Burnley,A
2022,35,30/04/2022,Southampton,1,2,Crystal Palace,A
2022,35,30/04/2022,Wolves,0,3,Brighton,A
2022,35,30/04/2022,Aston Villa,2,0,Norwich City,H
2022,35,30/04/2022,Leeds United,0,4,Manchester City,A
2022,35,01/05/2022,Tottenham,3,1,Leicester City,H
2022,35,01/05/2022,Everton,1,0,Chelsea,H
2022,35,01/05/2022,West Ham,1,2,Arsenal,A
2022,35,02/05/2022,Manchester Utd,3,0,Brentford,H
2022,36,07/05/2022,Chelsea,2,2,Wolves,D
2022,36,07/05/2022,Brentford,3,0,Southampton,H
2022,36,07/05/2022,Crystal Palace,1,0,Watford,H
2022,36,07/05/2022,Burnley,1,3,Aston Villa,A
2022,36,07/05/2022,Brighton,4,0,Manchester Utd,H
2022,36,07/05/2022,Liverpool,1,1,Tottenham,D
2022,36,08/05/2022,Norwich City,0,4,West Ham,A
2022,36,08/05/2022,Arsenal,2,1,Leeds United,H
2022,36,08/05/2022,Leicester City,1,2,Everton,A
2022,36,08/05/2022,Manchester City,5,0,Newcastle Utd,H
2022,33,10/05/2022,Aston Villa,1,2,Liverpool,A
2022,21,11/05/2022,Leicester City,3,0,Norwich City,H
2022,30,11/05/2022,Watford,0,0,Everton,D
2022,33,11/05/2022,Leeds United,0,3,Chelsea,A
2022,33,11/05/2022,Wolves,1,5,Manchester City,A
2022,22,12/05/2022,Tottenham,3,0,Arsenal,H
2022,37,15/05/2022,Tottenham,1,0,Burnley,H
2022,37,15/05/2022,Watford,1,5,Leicester City,A
2022,37,15/05/2022,West Ham,2,2,Manchester City,D
2022,37,15/05/2022,Leeds United,1,1,Brighton,D
2022,37,15/05/2022,Wolves,1,1,Norwich City,D
2022,37,15/05/2022,Aston Villa,1,1,Crystal Palace,D
2022,37,15/05/2022,Everton,2,3,Brentford,A
2022,37,16/05/2022,Newcastle Utd,2,0,Arsenal,H
2022,37,17/05/2022,Southampton,1,2,Liverpool,A
2022,18,19/05/2022,Aston Villa,1,1,Burnley,D
2022,27,19/05/2022,Chelsea,1,1,Leicester City,D
2022,33,19/05/2022,Everton,3,2,Crystal Palace,H
2022,38,22/05/2022,Brighton,3,1,West Ham,H
2022,38,22/05/2022,Brentford,1,2,Leeds United,A
2022,38,22/05/2022,Leicester City,4,1,Southampton,H
2022,38,22/05/2022,Arsenal,5,1,Everton,H
2022,38,22/05/2022,Crystal Palace,1,0,Manchester Utd,H
2022,38,22/05/2022,Norwich City,0,5,Tottenham,A
2022,38,22/05/2022,Burnley,1,2,Newcastle Utd,A
2022,38,22/05/2022,Liverpool,3,1,Wolves,H
2022,38,22/05/2022,Manchester City,3,2,Aston Villa,H
2022,38,22/05/2022,Chelsea,2,1,Watford,H
2023,1,05/08/2022,Crystal Palace,0,2,Arsenal,A
2023,1,06/08/2022,Fulham,2,2,Liverpool,D
2023,1,06/08/2022,Tottenham,4,1,Southampton,H
2023,1,06/08/2022,Newcastle Utd,2,0,Nott'ham Forest,H
2023,1,06/08/2022,Leeds United,2,1,Wolves,H
2023,1,06/08/2022,Bournemouth,2,0,Aston Villa,H
2023,1,06/08/2022,Everton,0,1,Chelsea,A
2023,1,07/08/2022,Leicester City,2,2,Brentford,D
2023,1,07/08/2022,Manchester Utd,1,2,Brighton,A
2023,1,07/08/2022,West Ham,0,2,Manchester City,A
2023,2,13/08/2022,Aston Villa,2,1,Everton,H
2023,2,13/08/2022,Manchester City,4,0,Bournemouth,H
2023,2,13/08/2022,Southampton,2,2,Leeds United,D
2023,2,13/08/2022,Wolves,0,0,Fulham,D
2023,2,13/08/2022,Arsenal,4,2,Leicester City,H
2023,2,13/08/2022,Brighton,0,0,Newcastle Utd,D
2023,2,13/08/2022,Brentford,4,0,Manchester Utd,H
2023,2,14/08/2022,Nott'ham Forest,1,0,West Ham,H
2023,2,14/08/2022,Chelsea,2,2,Tottenham,D
2023,2,15/08/2022,Liverpool,1,1,Crystal Palace,D
2023,3,20/08/2022,Tottenham,1,0,Wolves,H
2023,3,20/08/2022,Leicester City,1,2,Southampton,A
2023,3,20/08/2022,Everton,1,1,Nott'ham Forest,D
2023,3,20/08/2022,Crystal Palace,3,1,Aston Villa,H
2023,3,20/08/2022,Fulham,3,2,Brentford,H
2023,3,20/08/2022,Bournemouth,0,3,Arsenal,A
2023,3,21/08/2022,Leeds United,3,0,Chelsea,H
2023,3,21/08/2022,West Ham,0,2,Brighton,A
2023,3,21/08/2022,Newcastle Utd,3,3,Manchester City,D
2023,3,22/08/2022,Manchester Utd,2,1,Liverpool,H
2023,4,27/08/2022,Southampton,0,1,Manchester Utd,A
2023,4,27/08/2022,Manchester City,4,2,Crystal Palace,H
2023,4,27/08/2022,Brighton,1,0,Leeds United,H
2023,4,27/08/2022,Chelsea,2,1,Leicester City,H
2023,4,27/08/2022,Brentford,1,1,Everton,D
2023,4,27/08/2022,Liverpool,9,0,Bournemouth,H
2023,4,27/08/2022,Arsenal,2,1,Fulham,H
2023,4,28/08/2022,Wolves,1,1,Newcastle Utd,D
2023,4,28/08/2022,Aston Villa,0,1,West Ham,A
2023,4,28/08/2022,Nott'ham Forest,0,2,Tottenham,A
2023,5,30/08/2022,Fulham,2,1,Brighton,H
2023,5,30/08/2022,Crystal Palace,1,1,Brentford,D
2023,5,30/08/2022,Southampton,2,1,Chelsea,H
2023,5,30/08/2022,Leeds United,1,1,Everton,D
2023,5,31/08/2022,Bournemouth,0,0,Wolves,D
2023,5,31/08/2022,Manchester City,6,0,Nott'ham Forest,H
2023,5,31/08/2022,Arsenal,2,1,Aston Villa,H
2023,5,31/08/2022,West Ham,1,1,Tottenham,D
2023,5,31/08/2022,Liverpool,2,1,Newcastle Utd,H
2023,5,01/09/2022,Leicester City,0,1,Manchester Utd,A
2023,6,03/09/2022,Everton,0,0,Liverpool,D
2023,6,03/09/2022,Nott'ham Forest,2,3,Bournemouth,A
2023,6,03/09/2022,Wolves,1,0,Southampton,H
2023,6,03/09/2022,Newcastle Utd,0,0,Crystal Palace,D
2023,6,03/09/2022,Brentford,5,2,Leeds United,H
2023,6,03/09/2022,Tottenham,2,1,Fulham,H
2023,6,03/09/2022,Chelsea,2,1,West Ham,H
2023,6,03/09/2022,Aston Villa,1,1,Manchester City,D
2023,6,04/09/2022,Brighton,5,2,Leicester City,H
2023,6,04/09/2022,Manchester Utd,3,1,Arsenal,H
2023,8,16/09/2022,Aston Villa,1,0,Southampton,H
2023,8,16/09/2022,Nott'ham Forest,2,3,Fulham,A
2023,8,17/09/2022,Wolves,0,3,Manchester City,A
2023,8,17/09/2022,Newcastle Utd,1,1,Bournemouth,D
2023,8,17/09/2022,Tottenham,6,2,Leicester City,H
2023,8,18/09/2022,Brentford,0,3,Arsenal,A
2023,8,18/09/2022,Everton,1,0,West Ham,H
2023,9,01/10/2022,Arsenal,3,1,Tottenham,H
2023,9,01/10/2022,Southampton,1,2,Everton,A
2023,9,01/10/2022,Crystal Palace,1,2,Chelsea,A
2023,9,01/10/2022,Liverpool,3,3,Brighton,D
2023,9,01/10/2022,Fulham,1,4,Newcastle Utd,A
2023,9,01/10/2022,Bournemouth,0,0,Brentford,D
2023,9,01/10/2022,West Ham,2,0,Wolves,H
2023,9,02/10/2022,Manchester City,6,3,Manchester Utd,H
2023,9,02/10/2022,Leeds United,0,0,Aston Villa,D
2023,9,03/10/2022,Leicester City,4,0,Nott'ham Forest,H
2023,10,08/10/2022,Bournemouth,2,1,Leicester City,H
2023,10,08/10/2022,Newcastle Utd,5,1,Brentford,H
2023,10,08/10/2022,Manchester City,4,0,Southampton,H
2023,10,08/10/2022,Chelsea,3,0,Wolves,H
2023,10,08/10/2022,Brighton,0,1,Tottenham,A
2023,10,09/10/2022,West Ham,3,1,Fulham,H
2023,10,09/10/2022,Crystal Palace,2,1,Leeds United,H
2023,10,09/10/2022,Arsenal,3,2,Liverpool,H
2023,10,09/10/2022,Everton,1,2,Manchester Utd,A
2023,10,10/10/2022,Nott'ham Forest,1,1,Aston Villa,D
2023,11,14/10/2022,Brentford,2,0,Brighton,H
2023,11,15/10/2022,Leicester City,0,0,Crystal Palace,D
2023,11,15/10/2022,Fulham,2,2,Bournemouth,D
2023,11,15/10/2022,Wolves,1,0,Nott'ham Forest,H
2023,11,15/10/2022,Tottenham,2,0,Everton,H
2023,11,16/10/2022,Southampton,1,1,West Ham,D
2023,11,16/10/2022,Aston Villa,0,2,Chelsea,A
2023,11,16/10/2022,Leeds United,0,1,Arsenal,A
2023,11,16/10/2022,Manchester Utd,0,0,Newcastle Utd,D
2023,11,16/10/2022,Liverpool,1,0,Manchester City,H
2023,12,18/10/2022,Brighton,0,0,Nott'ham Forest,D
2023,12,18/10/2022,Crystal Palace,2,1,Wolves,H
2023,12,19/10/2022,Bournemouth,0,1,Southampton,A
2023,12,19/10/2022,Brentford,0,0,Chelsea,D
2023,12,19/10/2022,Liverpool,1,0,West Ham,H
2023,12,19/10/2022,Newcastle Utd,1,0,Everton,H
2023,12,19/10/2022,Manchester Utd,2,0,Tottenham,H
2023,12,20/10/2022,Fulham,3,0,Aston Villa,H
2023,12,20/10/2022,Leicester City,2,0,Leeds United,H
2023,13,22/10/2022,Nott'ham Forest,1,0,Liverpool,H
2023,13,22/10/2022,Everton,3,0,Crystal Palace,H
2023,13,22/10/2022,Manchester City,3,1,Brighton,H
2023,13,22/10/2022,Chelsea,1,1,Manchester Utd,D
2023,13,23/10/2022,Aston Villa,4,0,Brentford,H
2023,13,23/10/2022,Wolves,0,4,Leicester City,A
2023,13,23/10/2022,Leeds United,2,3,Fulham,A
2023,13,23/10/2022,Southampton,1,1,Arsenal,D
2023,13,23/10/2022,Tottenham,1,2,Newcastle Utd,A
2023,13,24/10/2022,West Ham,2,0,Bournemouth,H
2023,14,29/10/2022,Leicester City,0,1,Manchester City,A
2023,14,29/10/2022,Brentford,1,1,Wolves,D
2023,14,29/10/2022,Crystal Palace,1,0,Southampton,H
2023,14,29/10/2022,Newcastle Utd,4,0,Aston Villa,H
2023,14,29/10/2022,Brighton,4,1,Chelsea,H
2023,14,29/10/2022,Bournemouth,2,3,Tottenham,A
2023,14,29/10/2022,Fulham,0,0,Everton,D
2023,14,29/10/2022,Liverpool,1,2,Leeds United,A
2023,14,30/10/2022,Arsenal,5,0,Nott'ham Forest,H
2023,14,30/10/2022,Manchester Utd,1,0,West Ham,H
2023,15,05/11/2022,Nott'ham Forest,2,2,Brentford,D
2023,15,05/11/2022,Leeds United,4,3,Bournemouth,H
2023,15,05/11/2022,Manchester City,2,1,Fulham,H
2023,15,05/11/2022,Wolves,2,3,Brighton,A
2023,15,05/11/2022,Everton,0,2,Leicester City,A
2023,15,06/11/2022,Chelsea,0,1,Arsenal,A
2023,15,06/11/2022,West Ham,1,2,Crystal Palace,A
2023,15,06/11/2022,Southampton,1,4,Newcastle Utd,A
2023,15,06/11/2022,Aston Villa,3,1,Manchester Utd,H
2023,15,06/11/2022,Tottenham,1,2,Liverpool,A
2023,16,12/11/2022,Manchester City,1,2,Brentford,A
2023,16,12/11/2022,Tottenham,4,3,Leeds United,H
2023,16,12/11/2022,Liverpool,3,1,Southampton,H
2023,16,12/11/2022,Bournemouth,3,0,Everton,H
2023,16,12/11/2022,West Ham,0,2,Leicester City,A
2023,16,12/11/2022,Nott'ham Forest,1,0,Crystal Palace,H
2023,16,12/11/2022,Newcastle Utd,1,0,Chelsea,H
2023,16,12/11/2022,Wolves,0,2,Arsenal,A
2023,16,13/11/2022,Brighton,1,2,Aston Villa,A
2023,16,13/11/2022,Fulham,1,2,Manchester Utd,A
2023,17,26/12/2022,Brentford,2,2,Tottenham,D
2023,17,26/12/2022,Southampton,1,3,Brighton,A
2023,17,26/12/2022,Leicester City,0,3,Newcastle Utd,A
2023,17,26/12/2022,Crystal Palace,0,3,Fulham,A
2023,17,26/12/2022,Everton,1,2,Wolves,A
2023,17,26/12/2022,Aston Villa,1,3,Liverpool,A
2023,17,26/12/2022,Arsenal,3,1,West Ham,H
2023,17,27/12/2022,Chelsea,2,0,Bournemouth,H
2023,17,27/12/2022,Manchester Utd,3,0,Nott'ham Forest,H
2023,17,28/12/2022,Leeds United,1,3,Manchester City,A
2023,18,30/12/2022,West Ham,0,2,Brentford,A
2023,18,30/12/2022,Liverpool,2,1,Leicester City,H
2023,18,31/12/2022,Wolves,0,1,Manchester Utd,A
2023,18,31/12/2022,Newcastle Utd,0,0,Leeds United,D
2023,18,31/12/2022,Fulham,2,1,Southampton,H
2023,18,31/12/2022,Manchester City,1,1,Everton,D
2023,18,31/12/2022,Bournemouth,0,2,Crystal Palace,A
2023,18,31/12/2022,Brighton,2,4,Arsenal,A
2023,18,01/01/2023,Tottenham,0,2,Aston Villa,A
2023,18,01/01/2023,Nott'ham Forest,1,1,Chelsea,D
2023,19,02/01/2023,Brentford,3,1,Liverpool,H
2023,19,03/01/2023,Leicester City,0,1,Fulham,A
2023,19,03/01/2023,Everton,1,4,Brighton,A
2023,19,03/01/2023,Arsenal,0,0,Newcastle Utd,D
2023,19,03/01/2023,Manchester Utd,3,0,Bournemouth,H
2023,19,04/01/2023,Southampton,0,1,Nott'ham Forest,A
2023,19,04/01/2023,Leeds United,2,2,West Ham,D
2023,19,04/01/2023,Aston Villa,1,1,Wolves,D
2023,19,04/01/2023,Crystal Palace,0,4,Tottenham,A
2023,19,05/01/2023,Chelsea,0,1,Manchester City,A
2023,7,12/01/2023,Fulham,2,1,Chelsea,H
2023,20,13/01/2023,Aston Villa,2,1,Leeds United,H
2023,20,14/01/2023,Manchester Utd,2,1,Manchester City,H
2023,20,14/01/2023,Everton,1,2,Southampton,A
2023,20,14/01/2023,Wolves,1,0,West Ham,H
2023,20,14/01/2023,Nott'ham Forest,2,0,Leicester City,H
2023,20,14/01/2023,Brighton,3,0,Liverpool,H
2023,20,14/01/2023,Brentford,2,0,Bournemouth,H
2023,20,15/01/2023,Chelsea,1,0,Crystal Palace,H
2023,20,15/01/2023,Newcastle Utd,1,0,Fulham,H
2023,20,15/01/2023,Tottenham,0,2,Arsenal,A
2023,7,18/01/2023,Crystal Palace,1,1,Manchester Utd,D
2023,7,19/01/2023,Manchester City,4,2,Tottenham,H
2023,21,21/01/2023,Liverpool,0,0,Chelsea,D
2023,21,21/01/2023,Bournemouth,1,1,Nott'ham Forest,D
2023,21,21/01/2023,Southampton,0,1,Aston Villa,A
2023,21,21/01/2023,Leicester City,2,2,Brighton,D
2023,21,21/01/2023,West Ham,2,0,Everton,H
2023,21,21/01/2023,Crystal Palace,0,0,Newcastle Utd,D
2023,21,22/01/2023,Manchester City,3,0,Wolves,H
2023,21,22/01/2023,Leeds United,0,0,Brentford,D
2023,21,22/01/2023,Arsenal,3,2,Manchester Utd,H
2023,21,23/01/2023,Fulham,0,1,Tottenham,A
2023,22,03/02/2023,Chelsea,0,0,Fulham,D
2023,22,04/02/2023,Everton,1,0,Arsenal,H
2023,22,04/02/2023,Aston Villa,2,4,Leicester City,A
2023,22,04/02/2023,Wolves,3,0,Liverpool,H
2023,22,04/02/2023,Manchester Utd,2,1,Crystal Palace,H
2023,22,04/02/2023,Brighton,1,0,Bournemouth,H
2023,22,04/02/2023,Brentford,3,0,Southampton,H
2023,22,04/02/2023,Newcastle Utd,1,1,West Ham,D
2023,22,05/02/2023,Nott'ham Forest,1,0,Leeds United,H
2023,22,05/02/2023,Tottenham,1,0,Manchester City,H
2023,8,08/02/2023,Manchester Utd,2,2,Leeds United,D
2023,23,11/02/2023,West Ham,1,1,Chelsea,D
2023,23,11/02/2023,Leicester City,4,1,Tottenham,H
2023,23,11/02/2023,Crystal Palace,1,1,Brighton,D
2023,23,11/02/2023,Arsenal,1,1,Brentford,D
2023,23,11/02/2023,Southampton,1,2,Wolves,A
2023,23,11/02/2023,Fulham,2,0,Nott'ham Forest,H
2023,23,11/02/2023,Bournemouth,1,1,Newcastle Utd,D
2023,23,12/02/2023,Leeds United,0,2,Manchester Utd,A
2023,23,12/02/2023,Manchester City,3,1,Aston Villa,H
2023,23,13/02/2023,Liverpool,2,0,Everton,H
2023,12,15/02/2023,Arsenal,1,3,Manchester City,A
2023,24,18/02/2023,Aston Villa,2,4,Arsenal,A
2023,24,18/02/2023,Brighton,0,1,Fulham,A
2023,24,18/02/2023,Nott'ham Forest,1,1,Manchester City,D
2023,24,18/02/2023,Chelsea,0,1,Southampton,A
2023,24,18/02/2023,Everton,1,0,Leeds United,H
2023,24,18/02/2023,Wolves,0,1,Bournemouth,A
2023,24,18/02/2023,Brentford,1,1,Crystal Palace,D
2023,24,18/02/2023,Newcastle Utd,0,2,Liverpool,A
2023,24,19/02/2023,Manchester Utd,3,0,Leicester City,H
2023,24,19/02/2023,Tottenham,2,0,West Ham,H
2023,25,24/02/2023,Fulham,1,1,Wolves,D
2023,25,25/02/2023,Leicester City,0,1,Arsenal,A
2023,25,25/02/2023,Everton,0,2,Aston Villa,A
2023,25,25/02/2023,West Ham,4,0,Nott'ham Forest,H
2023,25,25/02/2023,Leeds United,1,0,Southampton,H
2023,25,25/02/2023,Bournemouth,1,4,Manchester City,A
2023,25,25/02/2023,Crystal Palace,0,0,Liverpool,D
2023,25,26/02/2023,Tottenham,2,0,Chelsea,H
2023,7,01/03/2023,Arsenal,4,0,Everton,H
2023,7,01/03/2023,Liverpool,2,0,Wolves,H
2023,26,04/03/2023,Manchester City,2,0,Newcastle Utd,H
2023,26,04/03/2023,Arsenal,3,2,Bournemouth,H
2023,26,04/03/2023,Aston Villa,1,0,Crystal Palace,H
2023,26,04/03/2023,Chelsea,1,0,Leeds United,H
2023,26,04/03/2023,Brighton,4,0,West Ham,H
2023,26,04/03/2023,Wolves,1,0,Tottenham,H
2023,26,04/03/2023,Southampton,1,0,Leicester City,H
2023,26,05/03/2023,Nott'ham Forest,2,2,Everton,D
2023,26,05/03/2023,Liverpool,7,0,Manchester Utd,H
2023,26,06/03/2023,Brentford,3,2,Fulham,H
2023,27,11/03/2023,Bournemouth,1,0,Liverpool,H
2023,27,11/03/2023,Leeds United,2,2,Brighton,D
2023,27,11/03/2023,Everton,1,0,Brentford,H
2023,27,11/03/2023,Leicester City,1,3,Chelsea,A
2023,27,11/03/2023,Tottenham,3,1,Nott'ham Forest,H
2023,27,11/03/2023,Crystal Palace,0,1,Manchester City,A
2023,27,12/03/2023,Manchester Utd,0,0,Southampton,D
2023,27,12/03/2023,Fulham,0,3,Arsenal,A
2023,27,12/03/2023,West Ham,1,1,Aston Villa,D
2023,27,12/03/2023,Newcastle Utd,2,1,Wolves,H
2023,7,15/03/2023,Southampton,0,2,Brentford,A
2023,8,15/03/2023,Brighton,1,0,Crystal Palace,H
2023,28,17/03/2023,Nott'ham Forest,1,2,Newcastle Utd,A
2023,28,18/03/2023,Wolves,2,4,Leeds United,A
2023,28,18/03/2023,Brentford,1,1,Leicester City,D
2023,28,18/03/2023,Aston Villa,3,0,Bournemouth,H
2023,28,18/03/2023,Southampton,3,3,Tottenham,D
2023,28,18/03/2023,Chelsea,2,2,Everton,D
2023,28,19/03/2023,Arsenal,4,1,Crystal Palace,H
2023,29,01/04/2023,Manchester City,4,1,Liverpool,H
2023,29,01/04/2023,Arsenal,4,1,Leeds United,H
2023,29,01/04/2023,Nott'ham Forest,1,1,Wolves,D
2023,29,01/04/2023,Brighton,3,3,Brentford,D
2023,29,01/04/2023,Crystal Palace,2,1,Leicester City,H
2023,29,01/04/2023,Bournemouth,2,1,Fulham,H
2023,29,01/04/2023,Chelsea,0,2,Aston Villa,A
2023,29,02/04/2023,West Ham,1,0,Southampton,H
2023,29,02/04/2023,Newcastle Utd,2,0,Manchester Utd,H
2023,29,03/04/2023,Everton,1,1,Tottenham,D
2023,7,04/04/2023,Leeds United,2,1,Nott'ham Forest,H
2023,7,04/04/2023,Bournemouth,0,2,Brighton,A
2023,7,04/04/2023,Leicester City,1,2,Aston Villa,A
2023,8,04/04/2023,Chelsea,0,0,Liverpool,D
2023,25,05/04/2023,Manchester Utd,1,0,Brentford,H
2023,7,05/04/2023,West Ham,1,5,Newcastle Utd,A
2023,30,08/04/2023,Manchester Utd,2,0,Everton,H
2023,30,08/04/2023,Fulham,0,1,West Ham,A
2023,30,08/04/2023,Aston Villa,2,0,Nott'ham Forest,H
2023,30,08/04/2023,Leicester City,0,1,Bournemouth,A
2023,30,08/04/2023,Brentford,1,2,Newcastle Utd,A
2023,30,08/04/2023,Wolves,1,0,Chelsea,H
2023,30,08/04/2023,Tottenham,2,1,Brighton,H
2023,30,08/04/2023,Southampton,1,4,Manchester City,A
2023,30,09/04/2023,Leeds United,1,5,Crystal Palace,A
2023,30,09/04/2023,Liverpool,2,2,Arsenal,D
2023,31,15/04/2023,Aston Villa,3,0,Newcastle Utd,H
2023,31,15/04/2023,Chelsea,1,2,Brighton,A
2023,31,15/04/2023,Southampton,0,2,Crystal Palace,A
2023,31,15/04/2023,Wolves,2,0,Brentford,H
2023,31,15/04/2023,Tottenham,2,3,Bournemouth,A
2023,31,15/04/2023,Everton,1,3,Fulham,A
2023,31,15/04/2023,Manchester City,3,1,Leicester City,H
2023,31,16/04/2023,West Ham,2,2,Arsenal,D
2023,31,16/04/2023,Nott'ham Forest,0,2,Manchester Utd,A
2023,31,17/04/2023,Leeds United,1,6,Liverpool,A
2023,32,21/04/2023,Arsenal,3,3,Southampton,D
2023,32,22/04/2023,Fulham,2,1,Leeds United,H
2023,32,22/04/2023,Crystal Palace,0,0,Everton,D
2023,32,22/04/2023,Brentford,1,1,Aston Villa,D
2023,32,22/04/2023,Liverpool,3,2,Nott'ham Forest,H
2023,32,22/04/2023,Leicester City,2,1,Wolves,H
2023,32,23/04/2023,Bournemouth,0,4,West Ham,A
2023,32,23/04/2023,Newcastle Utd,6,1,Tottenham,H
2023,33,25/04/2023,Wolves,2,0,Crystal Palace,H
2023,33,25/04/2023,Aston Villa,1,0,Fulham,H
2023,33,25/04/2023,Leeds United,1,1,Leicester City,D
2023,33,26/04/2023,Nott'ham Forest,3,1,Brighton,H
2023,33,26/04/2023,Chelsea,0,2,Brentford,A
2023,33,26/04/2023,West Ham,1,2,Liverpool,A
2023,33,26/04/2023,Manchester City,4,1,Arsenal,H
2023,33,27/04/2023,Everton,1,4,Newcastle Utd,A
2023,33,27/04/2023,Southampton,0,1,Bournemouth,A
2023,33,27/04/2023,Tottenham,2,2,Manchester Utd,D
2023,34,29/04/2023,Crystal Palace,4,3,West Ham,H
2023,34,29/04/2023,Brighton,6,0,Wolves,H
2023,34,29/04/2023,Brentford,2,1,Nott'ham Forest,H
2023,34,30/04/2023,Manchester Utd,1,0,Aston Villa,H
2023,34,30/04/2023,Bournemouth,4,1,Leeds United,H
2023,34,30/04/2023,Newcastle Utd,3,1,Southampton,H
2023,34,30/04/2023,Fulham,1,2,Manchester City,A
2023,34,30/04/2023,Liverpool,4,3,Tottenham,H
2023,34,01/05/2023,Leicester City,2,2,Everton,D
2023,34,02/05/2023,Arsenal,3,1,Chelsea,H
2023,28,03/05/2023,Liverpool,1,0,Fulham,H
2023,28,03/05/2023,Manchester City,3,0,West Ham,H
2023,28,04/05/2023,Brighton,1,0,Manchester Utd,H
2023,35,06/05/2023,Tottenham,1,0,Crystal Palace,H
2023,35,06/05/2023,Wolves,1,0,Aston Villa,H
2023,35,06/05/2023,Bournemouth,1,3,Chelsea,A
2023,35,06/05/2023,Manchester City,2,1,Leeds United,H
2023,35,06/05/2023,Liverpool,1,0,Brentford,H
2023,35,07/05/2023,Newcastle Utd,0,2,Arsenal,A
2023,35,07/05/2023,West Ham,1,0,Manchester Utd,H
2023,35,08/05/2023,Fulham,5,3,Leicester City,H
2023,35,08/05/2023,Brighton,1,5,Everton,A
2023,35,08/05/2023,Nott'ham Forest,4,3,Southampton,H
2023,36,13/05/2023,Leeds United,2,2,Newcastle Utd,D
2023,36,13/05/2023,Aston Villa,2,1,Tottenham,H
2023,36,13/05/2023,Chelsea,2,2,Nott'ham Forest,D
2023,36,13/05/2023,Crystal Palace,2,0,Bournemouth,H
2023,36,13/05/2023,Southampton,0,2,Fulham,A
2023,36,13/05/2023,Manchester Utd,2,0,Wolves,H
2023,36,14/05/2023,Everton,0,3,Manchester City,A
2023,36,14/05/2023,Brentford,2,0,West Ham,H
2023,36,14/05/2023,Arsenal,0,3,Brighton,A
2023,36,15/05/2023,Leicester City,0,3,Liverpool,A
2023,25,18/05/2023,Newcastle Utd,4,1,Brighton,H
2023,37,20/05/2023,Tottenham,1,3,Brentford,A
2023,37,20/05/2023,Liverpool,1,1,Aston Villa,D
2023,37,20/05/2023,Fulham,2,2,Crystal Palace,D
2023,37,20/05/2023,Bournemouth,0,1,Manchester Utd,A
2023,37,20/05/2023,Wolves,1,1,Everton,D
2023,37,20/05/2023,Nott'ham Forest,1,0,Arsenal,H
2023,37,21/05/2023,West Ham,3,1,Leeds United,H
2023,37,21/05/2023,Brighton,3,1,Southampton,H
2023,37,21/05/2023,Manchester City,1,0,Chelsea,H
2023,37,22/05/2023,Newcastle Utd,0,0,Leicester City,D
2023,32,24/05/2023,Brighton,1,1,Manchester City,D
2023,32,25/05/2023,Manchester Utd,4,1,Chelsea,H
2023,38,28/05/2023,Crystal Palace,1,1,Nott'ham Forest,D
2023,38,28/05/2023,Chelsea,1,1,Newcastle Utd,D
2023,38,28/05/2023,Manchester Utd,2,1,Fulham,H
2023,38,28/05/2023,Arsenal,5,0,Wolves,H
2023,38,28/05/2023,Southampton,4,4,Liverpool,D
2023,38,28/05/2023,Everton,1,0,Bournemouth,H
2023,38,28/05/2023,Leicester City,2,1,West Ham,H
2023,38,28/05/2023,Aston Villa,2,1,Brighton,H
2023,38,28/05/2023,Leeds United,1,4,Tottenham,A
2023,38,28/05/2023,Brentford,1,0,Manchester City,H
2025,1,16/08/2024,Manchester Utd,1,0,Fulham,H
2025,1,17/08/2024,Ipswich Town,0,2,Liverpool,A
2025,1,17/08/2024,Newcastle Utd,1,0,Southampton,H
2025,1,17/08/2024,Nott'ham Forest,1,1,Bournemouth,D
2025,1,17/08/2024,Everton,0,3,Brighton,A
2025,1,17/08/2024,Arsenal,2,0,Wolves,H
2025,1,17/08/2024,West Ham,1,2,Aston Villa,A
2025,1,18/08/2024,Brentford,2,1,Crystal Palace,H
2025,1,18/08/2024,Chelsea,0,2,Manchester City,A
2025,1,19/08/2024,Leicester City,1,1,Tottenham,D
2025,2,24/08/2024,Brighton,2,1,Manchester Utd,H
2025,2,24/08/2024,Tottenham,4,0,Everton,H
2025,2,24/08/2024,Fulham,2,1,Leicester City,H
2025,2,24/08/2024,Crystal Palace,0,2,West Ham,A
2025,2,24/08/2024,Manchester City,4,1,Ipswich Town,H
2025,2,24/08/2024,Southampton,0,1,Nott'ham Forest,A
2025,2,24/08/2024,Aston Villa,0,2,Arsenal,A
2025,2,25/08/2024,Bournemouth,1,1,Newcastle Utd,D
2025,2,25/08/2024,Wolves,2,6,Chelsea,A
2025,2,25/08/2024,Liverpool,2,0,Brentford,H
2025,3,31/08/2024,Arsenal,1,1,Brighton,D
2025,3,31/08/2024,Everton,2,3,Bournemouth,A
2025,3,31/08/2024,Leicester City,1,2,Aston Villa,A
2025,3,31/08/2024,Nott'ham Forest,1,1,Wolves,D
2025,3,31/08/2024,Ipswich Town,1,1,Fulham,D
2025,3,31/08/2024,Brentford,3,1,Southampton,H
2025,3,31/08/2024,West Ham,1,3,Manchester City,A
2025,3,01/09/2024,Newcastle Utd,2,1,Tottenham,H
2025,3,01/09/2024,Chelsea,1,1,Crystal Palace,D
2025,3,01/09/2024,Manchester Utd,0,3,Liverpool,A
2025,4,14/09/2024,Southampton,0,3,Manchester Utd,A
2025,4,14/09/2024,Brighton,0,0,Ipswich Town,D
2025,4,14/09/2024,Crystal Palace,2,2,Leicester City,D
2025,4,14/09/2024,Manchester City,2,1,Brentford,H
2025,4,14/09/2024,Liverpool,0,1,Nott'ham Forest,A
2025,4,14/09/2024,Fulham,1,1,West Ham,D
2025,4,14/09/2024,Aston Villa,3,2,Everton,H
2025,4,14/09/2024,Bournemouth,0,1,Chelsea,A
2025,4,15/09/2024,Tottenham,0,1,Arsenal,A
2025,4,15/09/2024,Wolves,1,2,Newcastle Utd,A
2025,5,21/09/2024,West Ham,0,3,Chelsea,A
2025,5,21/09/2024,Liverpool,3,0,Bournemouth,H
2025,5,21/09/2024,Leicester City,1,1,Everton,D
2025,5,21/09/2024,Southampton,1,1,Ipswich Town,D
2025,5,21/09/2024,Tottenham,3,1,Brentford,H
2025,5,21/09/2024,Fulham,3,1,Newcastle Utd,H
2025,5,21/09/2024,Aston Villa,3,1,Wolves,H
2025,5,21/09/2024,Crystal Palace,0,0,Manchester Utd,D
2025,5,22/09/2024,Brighton,2,2,Nott'ham Forest,D
2025,5,22/09/2024,Manchester City,2,2,Arsenal,D
2025,6,28/09/2024,Newcastle Utd,1,1,Manchester City,D
2025,6,28/09/2024,Chelsea,4,2,Brighton,H
2025,6,28/09/2024,Arsenal,4,2,Leicester City,H
2025,6,28/09/2024,Brentford,1,1,West Ham,D
2025,6,28/09/2024,Everton,2,1,Crystal Palace,H
2025,6,28/09/2024,Nott'ham Forest,0,1,Fulham,A
2025,6,28/09/2024,Wolves,1,2,Liverpool,A
2025,6,29/09/2024,Ipswich Town,2,2,Aston Villa,D
2025,6,29/09/2024,Manchester Utd,0,3,Tottenham,A
2025,6,30/09/2024,Bournemouth,3,1,Southampton,H
2025,7,05/10/2024,Crystal Palace,0,1,Liverpool,A
2025,7,05/10/2024,Manchester City,3,2,Fulham,H
2025,7,05/10/2024,Brentford,5,3,Wolves,H
2025,7,05/10/2024,West Ham,4,1,Ipswich Town,H
2025,7,05/10/2024,Arsenal,3,1,Southampton,H
2025,7,05/10/2024,Leicester City,1,0,Bournemouth,H
2025,7,05/10/2024,Everton,0,0,Newcastle Utd,D
2025,7,06/10/2024,Aston Villa,0,0,Manchester Utd,D
2025,7,06/10/2024,Chelsea,1,1,Nott'ham Forest,D
2025,7,06/10/2024,Brighton,3,2,Tottenham,H
2025,8,19/10/2024,Tottenham,4,1,West Ham,H
2025,8,19/10/2024,Southampton,2,3,Leicester City,A
2025,8,19/10/2024,Ipswich Town,0,2,Everton,A
2025,8,19/10/2024,Newcastle Utd,0,1,Brighton,A
2025,8,19/10/2024,Fulham,1,3,Aston Villa,A
2025,8,19/10/2024,Manchester Utd,2,1,Brentford,H
2025,8,19/10/2024,Bournemouth,2,0,Arsenal,H
2025,8,20/10/2024,Wolves,1,2,Manchester City,A
2025,8,20/10/2024,Liverpool,2,1,Chelsea,H
2025,8,21/10/2024,Nott'ham Forest,1,0,Crystal Palace,H
2025,9,25/10/2024,Leicester City,1,3,Nott'ham Forest,A
2025,9,26/10/2024,Brentford,4,3,Ipswich Town,H
2025,9,26/10/2024,Brighton,2,2,Wolves,D
2025,9,26/10/2024,Manchester City,1,0,Southampton,H
2025,9,26/10/2024,Aston Villa,1,1,Bournemouth,D
2025,9,26/10/2024,Everton,1,1,Fulham,D
2025,9,27/10/2024,Chelsea,2,1,Newcastle Utd,H
2025,9,27/10/2024,West Ham,2,1,Manchester Utd,H
2025,9,27/10/2024,Crystal Palace,1,0,Tottenham,H
2025,9,27/10/2024,Arsenal,2,2,Liverpool,D
2025,10,02/11/2024,Newcastle Utd,1,0,Arsenal,H
2025,10,02/11/2024,Southampton,1,0,Everton,H
2025,10,02/11/2024,Liverpool,2,1,Brighton,H
2025,10,02/11/2024,Nott'ham Forest,3,0,West Ham,H
2025,10,02/11/2024,Ipswich Town,1,1,Leicester City,D
2025,10,02/11/2024,Bournemouth,2,1,Manchester City,H
2025,10,02/11/2024,Wolves,2,2,Crystal Palace,D
2025,10,03/11/2024,Tottenham,4,1,Aston Villa,H
2025,10,03/11/2024,Manchester Utd,1,1,Chelsea,D
2025,10,04/11/2024,Fulham,2,1,Brentford,H
2025,11,09/11/2024,Brentford,3,2,Bournemouth,H
2025,11,09/11/2024,West Ham,0,0,Everton,D
2025,11,09/11/2024,Crystal Palace,0,2,Fulham,A
2025,11,09/11/2024,Wolves,2,0,Southampton,H
2025,11,09/11/2024,Brighton,2,1,Manchester City,H
2025,11,09/11/2024,Liverpool,2,0,Aston Villa,H
2025,11,10/11/2024,Manchester Utd,3,0,Leicester City,H
2025,11,10/11/2024,Nott'ham Forest,1,3,Newcastle Utd,A
2025,11,10/11/2024,Tottenham,1,2,Ipswich Town,A
2025,11,10/11/2024,Chelsea,1,1,Arsenal,D
2025,12,23/11/2024,Leicester City,1,2,Chelsea,A
2025,12,23/11/2024,Arsenal,3,0,Nott'ham Forest,H
2025,12,23/11/2024,Bournemouth,1,2,Brighton,A
2025,12,23/11/2024,Aston Villa,2,2,Crystal Palace,D
2025,12,23/11/2024,Everton,0,0,Brentford,D
2025,12,23/11/2024,Fulham,1,4,Wolves,A
2025,12,23/11/2024,Manchester City,0,4,Tottenham,A
2025,12,24/11/2024,Southampton,2,3,Liverpool,A
2025,12,24/11/2024,Ipswich Town,1,1,Manchester Utd,D
2025,12,25/11/2024,Newcastle Utd,0,2,West Ham,A
2025,13,29/11/2024,Brighton,1,1,Southampton,D
2025,13,30/11/2024,Crystal Palace,1,1,Newcastle Utd,D
2025,13,30/11/2024,Wolves,2,4,Bournemouth,A
2025,13,30/11/2024,Nott'ham Forest,1,0,Ipswich Town,H
2025,13,30/11/2024,Brentford,4,1,Leicester City,H
2025,13,30/11/2024,West Ham,2,5,Arsenal,A
2025,13,01/12/2024,Chelsea,3,0,Aston Villa,H
2025,13,01/12/2024,Tottenham,1,1,Fulham,D
2025,13,01/12/2024,Manchester Utd,4,0,Everton,H
2025,13,01/12/2024,Liverpool,2,0,Manchester City,H
2025,14,03/12/2024,Ipswich Town,0,1,Crystal Palace,A
2025,14,03/12/2024,Leicester City,3,1,West Ham,H
2025,14,04/12/2024,Everton,4,0,Wolves,H
2025,14,04/12/2024,Newcastle Utd,3,3,Liverpool,D
2025,14,04/12/2024,Manchester City,3,0,Nott'ham Forest,H
2025,14,04/12/2024,Southampton,1,5,Chelsea,A
2025,14,04/12/2024,Arsenal,2,0,Manchester Utd,H
2025,14,04/12/2024,Aston Villa,3,1,Brentford,H
2025,14,05/12/2024,Fulham,3,1,Brighton,H
2025,14,05/12/2024,Bournemouth,1,0,Tottenham,H
2024,1,11/08/2023,Burnley,0,3,Manchester City,A
2024,1,12/08/2023,Arsenal,2,1,Nott'ham Forest,H
2024,1,12/08/2023,Everton,0,1,Fulham,A
2024,1,12/08/2023,Sheffield Utd,0,1,Crystal Palace,A
2024,1,12/08/2023,Brighton,4,1,Luton Town,H
2024,1,12/08/2023,Bournemouth,1,1,West Ham,D
2024,1,12/08/2023,Newcastle Utd,5,1,Aston Villa,H
2024,1,13/08/2023,Brentford,2,2,Tottenham,D
2024,1,13/08/2023,Chelsea,1,1,Liverpool,D
2024,1,14/08/2023,Manchester Utd,1,0,Wolves,H
2024,2,18/08/2023,Nott'ham Forest,2,1,Sheffield Utd,H
2024,2,19/08/2023,Fulham,0,3,Brentford,A
2024,2,19/08/2023,Liverpool,3,1,Bournemouth,H
2024,2,19/08/2023,Wolves,1,4,Brighton,A
2024,2,19/08/2023,Tottenham,2,0,Manchester Utd,H
2024,2,19/08/2023,Manchester City,1,0,Newcastle Utd,H
2024,2,20/08/2023,Aston Villa,4,0,Everton,H
2024,2,20/08/2023,West Ham,3,1,Chelsea,H
2024,2,21/08/2023,Crystal Palace,0,1,Arsenal,A
2024,3,25/08/2023,Chelsea,3,0,Luton Town,H
2024,3,26/08/2023,Bournemouth,0,2,Tottenham,A
2024,3,26/08/2023,Everton,0,1,Wolves,A
2024,3,26/08/2023,Brentford,1,1,Crystal Palace,D
2024,3,26/08/2023,Manchester Utd,3,2,Nott'ham Forest,H
2024,3,26/08/2023,Arsenal,2,2,Fulham,D
2024,3,26/08/2023,Brighton,1,3,West Ham,A
2024,3,27/08/2023,Sheffield Utd,1,2,Manchester City,A
2024,3,27/08/2023,Burnley,1,3,Aston Villa,A
2024,3,27/08/2023,Newcastle Utd,1,2,Liverpool,A
2024,4,01/09/2023,Luton Town,1,2,West Ham,A
2024,4,02/09/2023,Sheffield Utd,2,2,Everton,D
2024,4,02/09/2023,Chelsea,0,1,Nott'ham Forest,A
2024,4,02/09/2023,Manchester City,5,1,Fulham,H
2024,4,02/09/2023,Brentford,2,2,Bournemouth,D
2024,4,02/09/2023,Burnley,2,5,Tottenham,A
2024,4,02/09/2023,Brighton,3,1,Newcastle Utd,H
2024,4,03/09/2023,Liverpool,3,0,Aston Villa,H
2024,4,03/09/2023,Crystal Palace,3,2,Wolves,H
2024,4,03/09/2023,Arsenal,3,1,Manchester Utd,H
2024,5,16/09/2023,Wolves,1,3,Liverpool,A
2024,5,16/09/2023,Fulham,1,0,Luton Town,H
2024,5,16/09/2023,West Ham,1,3,Manchester City,A
2024,5,16/09/2023,Aston Villa,3,1,Crystal Palace,H
2024,5,16/09/2023,Manchester Utd,1,3,Brighton,A
2024,5,16/09/2023,Tottenham,2,1,Sheffield Utd,H
2024,5,16/09/2023,Newcastle Utd,1,0,Brentford,H
2024,5,17/09/2023,Bournemouth,0,0,Chelsea,D
2024,5,17/09/2023,Everton,0,1,Arsenal,A
2024,5,18/09/2023,Nott'ham Forest,1,1,Burnley,D
2024,6,23/09/2023,Manchester City,2,0,Nott'ham Forest,H
2024,6,23/09/2023,Luton Town,1,1,Wolves,D
2024,6,23/09/2023,Crystal Palace,0,0,Fulham,D
2024,6,23/09/2023,Brentford,1,3,Everton,A
2024,6,23/09/2023,Burnley,0,1,Manchester Utd,A
2024,6,24/09/2023,Arsenal,2,2,Tottenham,D
2024,6,24/09/2023,Brighton,3,1,Bournemouth,H
2024,6,24/09/2023,Chelsea,0,1,Aston Villa,A
2024,6,24/09/2023,Liverpool,3,1,West Ham,H
2024,6,24/09/2023,Sheffield Utd,0,8,Newcastle Utd,A
2024,7,30/09/2023,Aston Villa,6,1,Brighton,H
2024,7,30/09/2023,Wolves,2,1,Manchester City,H
2024,7,30/09/2023,Bournemouth,0,4,Arsenal,A
2024,7,30/09/2023,Everton,1,2,Luton Town,A
2024,7,30/09/2023,Newcastle Utd,2,0,Burnley,H
2024,7,30/09/2023,West Ham,2,0,Sheffield Utd,H
2024,7,30/09/2023,Manchester Utd,0,1,Crystal Palace,A
2024,7,30/09/2023,Tottenham,2,1,Liverpool,H
2024,7,01/10/2023,Nott'ham Forest,1,1,Brentford,D
2024,7,02/10/2023,Fulham,0,2,Chelsea,A
2024,2,03/10/2023,Luton Town,1,2,Burnley,A
2024,8,07/10/2023,Luton Town,0,1,Tottenham,A
2024,8,07/10/2023,Everton,3,0,Bournemouth,H
2024,8,07/10/2023,Manchester Utd,2,1,Brentford,H
2024,8,07/10/2023,Burnley,1,4,Chelsea,A
2024,8,07/10/2023,Fulham,3,1,Sheffield Utd,H
2024,8,07/10/2023,Crystal Palace,0,0,Nott'ham Forest,D
2024,8,08/10/2023,West Ham,2,2,Newcastle Utd,D
2024,8,08/10/2023,Wolves,1,1,Aston Villa,D
2024,8,08/10/2023,Brighton,2,2,Liverpool,D
2024,8,08/10/2023,Arsenal,1,0,Manchester City,H
2024,9,21/10/2023,Liverpool,2,0,Everton,H
2024,9,21/10/2023,Bournemouth,1,2,Wolves,A
2024,9,21/10/2023,Newcastle Utd,4,0,Crystal Palace,H
2024,9,21/10/2023,Brentford,3,0,Burnley,H
2024,9,21/10/2023,Manchester City,2,1,Brighton,H
2024,9,21/10/2023,Nott'ham Forest,2,2,Luton Town,D
2024,9,21/10/2023,Chelsea,2,2,Arsenal,D
2024,9,21/10/2023,Sheffield Utd,1,2,Manchester Utd,A
2024,9,22/10/2023,Aston Villa,4,1,West Ham,H
2024,9,23/10/2023,Tottenham,2,0,Fulham,H
2024,10,27/10/2023,Crystal Palace,1,2,Tottenham,A
2024,10,28/10/2023,Chelsea,0,2,Brentford,A
2024,10,28/10/2023,Bournemouth,2,1,Burnley,H
2024,10,28/10/2023,Arsenal,5,0,Sheffield Utd,H
2024,10,28/10/2023,Wolves,2,2,Newcastle Utd,D
2024,10,29/10/2023,West Ham,0,1,Everton,A
2024,10,29/10/2023,Liverpool,3,0,Nott'ham Forest,H
2024,10,29/10/2023,Brighton,1,1,Fulham,D
2024,10,29/10/2023,Aston Villa,3,1,Luton Town,H
2024,10,29/10/2023,Manchester Utd,0,3,Manchester City,A
2024,11,04/11/2023,Fulham,0,1,Manchester Utd,A
2024,11,04/11/2023,Brentford,3,2,West Ham,H
2024,11,04/11/2023,Everton,1,1,Brighton,D
2024,11,04/11/2023,Burnley,0,2,Crystal Palace,A
2024,11,04/11/2023,Manchester City,6,1,Bournemouth,H
2024,11,04/11/2023,Sheffield Utd,2,1,Wolves,H
2024,11,04/11/2023,Newcastle Utd,1,0,Arsenal,H
2024,11,05/11/2023,Nott'ham Forest,2,0,Aston Villa,H
2024,11,05/11/2023,Luton Town,1,1,Liverpool,D
2024,11,06/11/2023,Tottenham,1,4,Chelsea,A
2024,12,11/11/2023,Wolves,2,1,Tottenham,H
2024,12,11/11/2023,Arsenal,3,1,Burnley,H
2024,12,11/11/2023,Manchester Utd,1,0,Luton Town,H
2024,12,11/11/2023,Crystal Palace,2,3,Everton,A
2024,12,11/11/2023,Bournemouth,2,0,Newcastle Utd,H
2024,12,12/11/2023,West Ham,3,2,Nott'ham Forest,H
2024,12,12/11/2023,Liverpool,3,0,Brentford,H
2024,12,12/11/2023,Aston Villa,3,1,Fulham,H
2024,12,12/11/2023,Brighton,1,1,Sheffield Utd,D
2024,12,12/11/2023,Chelsea,4,4,Manchester City,D
2024,13,25/11/2023,Manchester City,1,1,Liverpool,D
2024,13,25/11/2023,Burnley,1,2,West Ham,A
2024,13,25/11/2023,Nott'ham Forest,2,3,Brighton,A
2024,13,25/11/2023,Sheffield Utd,1,3,Bournemouth,A
2024,13,25/11/2023,Newcastle Utd,4,1,Chelsea,H
2024,13,25/11/2023,Luton Town,2,1,Crystal Palace,H
2024,13,25/11/2023,Brentford,0,1,Arsenal,A
2024,13,26/11/2023,Tottenham,1,2,Aston Villa,A
2024,13,26/11/2023,Everton,0,3,Manchester Utd,A
2024,13,27/11/2023,Fulham,3,2,Wolves,H
2024,14,02/12/2023,Brentford,3,1,Luton Town,H
2024,14,02/12/2023,Arsenal,2,1,Wolves,H
2024,14,02/12/2023,Burnley,5,0,Sheffield Utd,H
2024,14,02/12/2023,Nott'ham Forest,0,1,Everton,A
2024,14,02/12/2023,Newcastle Utd,1,0,Manchester Utd,H
2024,14,03/12/2023,Bournemouth,2,2,Aston Villa,D
2024,14,03/12/2023,Liverpool,4,3,Fulham,H
2024,14,03/12/2023,Chelsea,3,2,Brighton,H
2024,14,03/12/2023,West Ham,1,1,Crystal Palace,D
2024,14,03/12/2023,Manchester City,3,3,Tottenham,D
2024,15,05/12/2023,Wolves,1,0,Burnley,H
2024,15,05/12/2023,Luton Town,3,4,Arsenal,A
2024,15,06/12/2023,Sheffield Utd,0,2,Liverpool,A
2024,15,06/12/2023,Crystal Palace,0,2,Bournemouth,A
2024,15,06/12/2023,Brighton,2,1,Brentford,H
2024,15,06/12/2023,Fulham,5,0,Nott'ham Forest,H
2024,15,06/12/2023,Aston Villa,1,0,Manchester City,H
2024,15,06/12/2023,Manchester Utd,2,1,Chelsea,H
2024,15,07/12/2023,Everton,3,0,Newcastle Utd,H
2024,15,07/12/2023,Tottenham,1,2,West Ham,A
2024,16,09/12/2023,Crystal Palace,1,2,Liverpool,A
2024,16,09/12/2023,Manchester Utd,0,3,Bournemouth,A
2024,16,09/12/2023,Wolves,1,1,Nott'ham Forest,D
2024,16,09/12/2023,Brighton,1,1,Burnley,D
2024,16,09/12/2023,Sheffield Utd,1,0,Brentford,H
2024,16,09/12/2023,Aston Villa,1,0,Arsenal,H
2024,16,10/12/2023,Everton,2,0,Chelsea,H
2024,16,10/12/2023,Fulham,5,0,West Ham,H
2024,16,10/12/2023,Luton Town,1,2,Manchester City,A
2024,16,10/12/2023,Tottenham,4,1,Newcastle Utd,H
2024,17,15/12/2023,Nott'ham Forest,0,2,Tottenham,A
2024,17,16/12/2023,Manchester City,2,2,Crystal Palace,D
2024,17,16/12/2023,Chelsea,2,0,Sheffield Utd,H
2024,17,16/12/2023,Newcastle Utd,3,0,Fulham,H
2024,17,16/12/2023,Burnley,0,2,Everton,A
2024,17,17/12/2023,Brentford,1,2,Aston Villa,A
2024,17,17/12/2023,West Ham,3,0,Wolves,H
2024,17,17/12/2023,Arsenal,2,0,Brighton,H
2024,17,17/12/2023,Liverpool,0,0,Manchester Utd,D
2024,18,21/12/2023,Crystal Palace,1,1,Brighton,D
2024,18,22/12/2023,Aston Villa,1,1,Sheffield Utd,D
2024,18,23/12/2023,West Ham,2,0,Manchester Utd,H
2024,18,23/12/2023,Luton Town,1,0,Newcastle Utd,H
2024,18,23/12/2023,Fulham,0,2,Burnley,A
2024,18,23/12/2023,Tottenham,2,1,Everton,H
2024,18,23/12/2023,Nott'ham Forest,2,3,Bournemouth,A
2024,18,23/12/2023,Liverpool,1,1,Arsenal,D
2024,18,24/12/2023,Wolves,2,1,Chelsea,H
2024,19,26/12/2023,Newcastle Utd,1,3,Nott'ham Forest,A
2024,19,26/12/2023,Bournemouth,3,0,Fulham,H
2024,19,26/12/2023,Sheffield Utd,2,3,Luton Town,A
2024,19,26/12/2023,Burnley,0,2,Liverpool,A
2024,19,26/12/2023,Manchester Utd,3,2,Aston Villa,H
2024,19,27/12/2023,Chelsea,2,1,Crystal Palace,H
2024,19,27/12/2023,Brentford,1,4,Wolves,A
2024,19,27/12/2023,Everton,1,3,Manchester City,A
2024,19,28/12/2023,Brighton,4,2,Tottenham,H
2024,19,28/12/2023,Arsenal,0,2,West Ham,A
2024,20,30/12/2023,Luton Town,2,3,Chelsea,A
2024,20,30/12/2023,Aston Villa,3,2,Burnley,H
2024,20,30/12/2023,Wolves,3,0,Everton,H
2024,20,30/12/2023,Manchester City,2,0,Sheffield Utd,H
2024,20,30/12/2023,Crystal Palace,3,1,Brentford,H
2024,20,30/12/2023,Nott'ham Forest,2,1,Manchester Utd,H
2024,20,31/12/2023,Tottenham,3,1,Bournemouth,H
2024,20,31/12/2023,Fulham,2,1,Arsenal,H
2024,20,01/01/2024,Liverpool,4,2,Newcastle Utd,H
2024,20,02/01/2024,West Ham,0,0,Brighton,D
2024,21,12/01/2024,Burnley,1,1,Luton Town,D
2024,21,13/01/2024,Chelsea,1,0,Fulham,H
2024,21,13/01/2024,Newcastle Utd,2,3,Manchester City,A
2024,21,14/01/2024,Everton,0,0,Aston Villa,D
2024,21,14/01/2024,Manchester Utd,2,2,Tottenham,D
2024,21,20/01/2024,Arsenal,5,0,Crystal Palace,H
2024,21,20/01/2024,Brentford,3,2,Nott'ham Forest,H
2024,21,21/01/2024,Sheffield Utd,2,2,West Ham,D
2024,21,21/01/2024,Bournemouth,0,4,Liverpool,A
2024,21,22/01/2024,Brighton,0,0,Wolves,D
2024,22,30/01/2024,Nott'ham Forest,1,2,Arsenal,A
2024,22,30/01/2024,Fulham,0,0,Everton,D
2024,22,30/01/2024,Luton Town,4,0,Brighton,H
2024,22,30/01/2024,Crystal Palace,3,2,Sheffield Utd,H
2024,22,30/01/2024,Aston Villa,1,3,Newcastle Utd,A
2024,22,31/01/2024,Tottenham,3,2,Brentford,H
2024,22,31/01/2024,Manchester City,3,1,Burnley,H
2024,22,31/01/2024,Liverpool,4,1,Chelsea,H
2024,22,01/02/2024,West Ham,1,1,Bournemouth,D
2024,22,01/02/2024,Wolves,3,4,Manchester Utd,A
2024,23,03/02/2024,Everton,2,2,Tottenham,D
2024,23,03/02/2024,Newcastle Utd,4,4,Luton Town,D
2024,23,03/02/2024,Brighton,4,1,Crystal Palace,H
2024,23,03/02/2024,Burnley,2,2,Fulham,D
2024,23,03/02/2024,Sheffield Utd,0,5,Aston Villa,A
2024,23,04/02/2024,Bournemouth,1,1,Nott'ham Forest,D
2024,23,04/02/2024,Manchester Utd,3,0,West Ham,H
2024,23,04/02/2024,Chelsea,2,4,Wolves,A
2024,23,04/02/2024,Arsenal,3,1,Liverpool,H
2024,23,05/02/2024,Brentford,1,3,Manchester City,A
2024,24,10/02/2024,Manchester City,2,0,Everton,H
2024,24,10/02/2024,Luton Town,1,3,Sheffield Utd,A
2024,24,10/02/2024,Liverpool,3,1,Burnley,H
2024,24,10/02/2024,Wolves,0,2,Brentford,A
2024,24,10/02/2024,Fulham,3,1,Bournemouth,H
2024,24,10/02/2024,Tottenham,2,1,Brighton,H
2024,24,10/02/2024,Nott'ham Forest,2,3,Newcastle Utd,A
2024,24,11/02/2024,West Ham,0,6,Arsenal,A
2024,24,11/02/2024,Aston Villa,1,2,Manchester Utd,A
2024,24,12/02/2024,Crystal Palace,1,3,Chelsea,A
2024,25,17/02/2024,Brentford,1,4,Liverpool,A
2024,25,17/02/2024,Newcastle Utd,2,2,Bournemouth,D
2024,25,17/02/2024,Tottenham,1,2,Wolves,A
2024,25,17/02/2024,Burnley,0,5,Arsenal,A
2024,25,17/02/2024,Fulham,1,2,Aston Villa,A
2024,25,17/02/2024,Nott'ham Forest,2,0,West Ham,H
2024,25,17/02/2024,Manchester City,1,1,Chelsea,D
2024,25,18/02/2024,Sheffield Utd,0,5,Brighton,A
2024,25,18/02/2024,Luton Town,1,2,Manchester Utd,A
2024,25,19/02/2024,Everton,1,1,Crystal Palace,D
2024,18,20/02/2024,Manchester City,1,0,Brentford,H
2024,26,21/02/2024,Liverpool,4,1,Luton Town,H
2024,26,24/02/2024,Manchester Utd,1,2,Fulham,A
2024,26,24/02/2024,Crystal Palace,3,0,Burnley,H
2024,26,24/02/2024,Brighton,1,1,Everton,D
2024,26,24/02/2024,Aston Villa,4,2,Nott'ham Forest,H
2024,26,24/02/2024,Bournemouth,0,1,Manchester City,A
2024,26,24/02/2024,Arsenal,4,1,Newcastle Utd,H
2024,26,25/02/2024,Wolves,1,0,Sheffield Utd,H
2024,26,26/02/2024,West Ham,4,2,Brentford,H
2024,27,02/03/2024,Fulham,3,0,Brighton,H
2024,27,02/03/2024,Tottenham,3,1,Crystal Palace,H
2024,27,02/03/2024,Brentford,2,2,Chelsea,D
2024,27,02/03/2024,Newcastle Utd,3,0,Wolves,H
2024,27,02/03/2024,Nott'ham Forest,0,1,Liverpool,A
2024,27,02/03/2024,Everton,1,3,West Ham,A
2024,27,02/03/2024,Luton Town,2,3,Aston Villa,A
2024,27,03/03/2024,Burnley,0,2,Bournemouth,A
2024,27,03/03/2024,Manchester City,3,1,Manchester Utd,H
2024,27,04/03/2024,Sheffield Utd,0,6,Arsenal,A
2024,28,09/03/2024,Manchester Utd,2,0,Everton,H
2024,28,09/03/2024,Bournemouth,2,2,Sheffield Utd,D
2024,28,09/03/2024,Wolves,2,1,Fulham,H
2024,28,09/03/2024,Crystal Palace,1,1,Luton Town,D
2024,28,09/03/2024,Arsenal,2,1,Brentford,H
2024,28,10/03/2024,Aston Villa,0,4,Tottenham,A
2024,28,10/03/2024,West Ham,2,2,Burnley,D
2024,28,10/03/2024,Brighton,1,0,Nott'ham Forest,H
2024,28,10/03/2024,Liverpool,1,1,Manchester City,D
2024,28,11/03/2024,Chelsea,3,2,Newcastle Utd,H
2024,17,13/03/2024,Bournemouth,4,3,Luton Town,H
2024,29,16/03/2024,Luton Town,1,1,Nott'ham Forest,D
2024,29,16/03/2024,Burnley,2,1,Brentford,H
2024,29,16/03/2024,Fulham,3,0,Tottenham,H
2024,29,17/03/2024,West Ham,1,1,Aston Villa,D
2024,30,30/03/2024,Newcastle Utd,4,3,West Ham,H
2024,30,30/03/2024,Bournemouth,2,1,Everton,H
2024,30,30/03/2024,Tottenham,2,1,Luton Town,H
2024,30,30/03/2024,Nott'ham Forest,1,1,Crystal Palace,D
2024,30,30/03/2024,Sheffield Utd,3,3,Fulham,D
2024,30,30/03/2024,Chelsea,2,2,Burnley,D
2024,30,30/03/2024,Aston Villa,2,0,Wolves,H
2024,30,30/03/2024,Brentford,1,1,Manchester Utd,D
2024,30,31/03/2024,Liverpool,2,1,Brighton,H
2024,30,31/03/2024,Manchester City,0,0,Arsenal,D
2024,31,02/04/2024,Newcastle Utd,1,1,Everton,D
2024,31,02/04/2024,Nott'ham Forest,3,1,Fulham,H
2024,31,02/04/2024,Bournemouth,1,0,Crystal Palace,H
2024,31,02/04/2024,Burnley,1,1,Wolves,D
2024,31,02/04/2024,West Ham,1,1,Tottenham,D
2024,31,03/04/2024,Arsenal,2,0,Luton Town,H
2024,31,03/04/2024,Brentford,0,0,Brighton,D
2024,31,03/04/2024,Manchester City,4,1,Aston Villa,H
2024,31,04/04/2024,Liverpool,3,1,Sheffield Utd,H
2024,31,04/04/2024,Chelsea,4,3,Manchester Utd,H
2024,32,06/04/2024,Crystal Palace,2,4,Manchester City,A
2024,32,06/04/2024,Luton Town,2,1,Bournemouth,H
2024,32,06/04/2024,Wolves,1,2,West Ham,A
2024,32,06/04/2024,Fulham,0,1,Newcastle Utd,A
2024,32,06/04/2024,Everton,1,0,Burnley,H
2024,32,06/04/2024,Aston Villa,3,3,Brentford,D
2024,32,06/04/2024,Brighton,0,3,Arsenal,A
2024,32,07/04/2024,Manchester Utd,2,2,Liverpool,D
2024,32,07/04/2024,Sheffield Utd,2,2,Chelsea,D
2024,32,07/04/2024,Tottenham,3,1,Nott'ham Forest,H
2024,33,13/04/2024,Newcastle Utd,4,0,Tottenham,H
2024,33,13/04/2024,Manchester City,5,1,Luton Town,H
2024,33,13/04/2024,Nott'ham Forest,2,2,Wolves,D
2024,33,13/04/2024,Brentford,2,0,Sheffield Utd,H
2024,33,13/04/2024,Burnley,1,1,Brighton,D
2024,33,13/04/2024,Bournemouth,2,2,Manchester Utd,D
2024,33,14/04/2024,Liverpool,0,1,Crystal Palace,A
2024,33,14/04/2024,West Ham,0,2,Fulham,A
2024,33,14/04/2024,Arsenal,0,2,Aston Villa,A
2024,33,15/04/2024,Chelsea,6,0,Everton,H
2024,34,20/04/2024,Luton Town,1,5,Brentford,A
2024,34,20/04/2024,Sheffield Utd,1,4,Burnley,A
2024,34,20/04/2024,Wolves,0,2,Arsenal,A
2024,34,21/04/2024,Everton,2,0,Nott'ham Forest,H
2024,34,21/04/2024,Aston Villa,3,1,Bournemouth,H
2024,34,21/04/2024,Crystal Palace,5,2,West Ham,H
2024,34,21/04/2024,Fulham,1,3,Liverpool,A
2024,29,23/04/2024,Arsenal,5,0,Chelsea,H
2024,29,24/04/2024,Wolves,0,1,Bournemouth,A
2024,29,24/04/2024,Manchester Utd,4,2,Sheffield Utd,H
2024,29,24/04/2024,Everton,2,0,Liverpool,H
2024,29,24/04/2024,Crystal Palace,2,0,Newcastle Utd,H
2024,29,25/04/2024,Brighton,0,4,Manchester City,A
2024,35,27/04/2024,West Ham,2,2,Liverpool,D
2024,35,27/04/2024,Wolves,2,1,Luton Town,H
2024,35,27/04/2024,Fulham,1,1,Crystal Palace,D
2024,35,27/04/2024,Manchester Utd,1,1,Burnley,D
2024,35,27/04/2024,Newcastle Utd,5,1,Sheffield Utd,H
2024,35,27/04/2024,Everton,1,0,Brentford,H
2024,35,27/04/2024,Aston Villa,2,2,Chelsea,D
2024,35,28/04/2024,Tottenham,2,3,Arsenal,A
2024,35,28/04/2024,Bournemouth,3,0,Brighton,H
2024,35,28/04/2024,Nott'ham Forest,0,2,Manchester City,A
2024,26,02/05/2024,Chelsea,2,0,Tottenham,H
2024,36,03/05/2024,Luton Town,1,1,Everton,D
2024,36,04/05/2024,Arsenal,3,0,Bournemouth,H
2024,36,04/05/2024,Burnley,1,4,Newcastle Utd,A
2024,36,04/05/2024,Sheffield Utd,1,3,Nott'ham Forest,A
2024,36,04/05/2024,Brentford,0,0,Fulham,D
2024,36,04/05/2024,Manchester City,5,1,Wolves,H
2024,36,05/05/2024,Brighton,1,0,Aston Villa,H
2024,36,05/05/2024,Chelsea,5,0,West Ham,H
2024,36,05/05/2024,Liverpool,4,2,Tottenham,H
2024,36,06/05/2024,Crystal Palace,4,0,Manchester Utd,H
2024,37,11/05/2024,Fulham,0,4,Manchester City,A
2024,37,11/05/2024,Wolves,1,3,Crystal Palace,A
2024,37,11/05/2024,West Ham,3,1,Luton Town,H
2024,37,11/05/2024,Tottenham,2,1,Burnley,H
2024,37,11/05/2024,Everton,1,0,Sheffield Utd,H
2024,37,11/05/2024,Newcastle Utd,1,1,Brighton,D
2024,37,11/05/2024,Bournemouth,1,2,Brentford,A
2024,37,11/05/2024,Nott'ham Forest,2,3,Chelsea,A
2024,37,12/05/2024,Manchester Utd,0,1,Arsenal,A
2024,37,13/05/2024,Aston Villa,3,3,Liverpool,D
2024,34,14/05/2024,Tottenham,0,2,Manchester City,A
2024,34,15/05/2024,Brighton,1,2,Chelsea,A
2024,34,15/05/2024,Manchester Utd,3,2,Newcastle Utd,H
2024,38,19/05/2024,Luton Town,2,4,Fulham,A
2024,38,19/05/2024,Sheffield Utd,0,3,Tottenham,A
2024,38,19/05/2024,Manchester City,3,1,West Ham,H
2024,38,19/05/2024,Arsenal,2,1,Everton,H
2024,38,19/05/2024,Brighton,0,2,Manchester Utd,A
2024,38,19/05/2024,Brentford,2,4,Newcastle Utd,A
2024,38,19/05/2024,Chelsea,2,1,Bournemouth,H
2024,38,19/05/2024,Crystal Palace,5,0,Aston Villa,H
2024,38,19/05/2024,Liverpool,2,0,Wolves,H
2024,38,19/05/2024,Burnley,1,2,Nott'ham Forest,A
2025,15,07/12/2024,Aston Villa,1,0,Southampton,H
2025,15,07/12/2024,Brentford,4,2,Newcastle Utd,H
2025,15,07/12/2024,Crystal Palace,2,2,Manchester City,D
2025,15,07/12/2024,Manchester Utd,2,3,Nott'ham Forest,A
2025,15,08/12/2024,Fulham,1,1,Arsenal,D
2025,15,08/12/2024,Ipswich Town,1,2,Bournemouth,A
2025,15,08/12/2024,Leicester City,2,2,Brighton,D
2025,15,08/12/2024,Tottenham,3,4,Chelsea,A
2025,15,09/12/2024,West Ham,2,1,Wolves,H
2025,16,14/12/2024,Arsenal,0,0,Everton,D
2025,16,14/12/2024,Liverpool,2,2,Fulham,D
2025,16,14/12/2024,Newcastle Utd,4,0,Leicester City,H
2025,16,14/12/2024,Wolves,1,2,Ipswich Town,A
2025,16,14/12/2024,Nott'ham Forest,2,1,Aston Villa,H
2025,16,15/12/2024,Brighton,1,3,Crystal Palace,A
2025,16,15/12/2024,Manchester City,1,2,Manchester Utd,A
2025,16,15/12/2024,Chelsea,2,1,Brentford,H
2025,16,15/12/2024,Southampton,0,5,Tottenham,A
2025,16,15/12/2024,Bournemouth,1,1,West Ham,D
2025,17,21/12/2024,Aston Villa,2,1,Manchester City,H
2025,17,21/12/2024,Brentford,0,2,Nott'ham Forest,A
2025,17,21/12/2024,Ipswich Town,0,4,Newcastle Utd,A
2025,17,21/12/2024,West Ham,1,1,Brighton,D
2025,17,21/12/2024,Crystal Palace,1,5,Arsenal,A
2025,17,22/12/2024,Everton,0,0,Chelsea,D
2025,17,22/12/2024,Fulham,0,0,Southampton,D
2025,17,22/12/2024,Leicester City,0,3,Wolves,A
2025,17,22/12/2024,Manchester Utd,0,3,Bournemouth,A
2025,17,22/12/2024,Tottenham,3,6,Liverpool,A
2025,18,26/12/2024,Manchester City,1,1,Everton,D
2025,18,26/12/2024,Bournemouth,0,0,Crystal Palace,D
2025,18,26/12/2024,Chelsea,1,2,Fulham,A
2025,18,26/12/2024,Newcastle Utd,3,0,Aston Villa,H
2025,18,26/12/2024,Nott'ham Forest,1,0,Tottenham,H
2025,18,26/12/2024,Southampton,0,1,West Ham,A
2025,18,26/12/2024,Wolves,2,0,Manchester Utd,H
2025,18,26/12/2024,Liverpool,3,1,Leicester City,H
2025,18,27/12/2024,Brighton,0,0,Brentford,D
2025,18,27/12/2024,Arsenal,1,0,Ipswich Town,H
2025,19,29/12/2024,Leicester City,0,2,Manchester City,A
2025,19,29/12/2024,Crystal Palace,2,1,Southampton,H
2025,19,29/12/2024,Everton,0,2,Nott'ham Forest,A
2025,19,29/12/2024,Fulham,2,2,Bournemouth,D
2025,19,29/12/2024,Tottenham,2,2,Wolves,D
2025,19,29/12/2024,West Ham,0,5,Liverpool,A
2025,19,30/12/2024,Aston Villa,2,2,Brighton,D
2025,19,30/12/2024,Ipswich Town,2,0,Chelsea,H
2025,19,30/12/2024,Manchester Utd,0,2,Newcastle Utd,A
